Name,Link,Image URL,Theatre,Market,Market Presence,Production Type,Origin,Status,Age of Production (yrs),Date Range,Date,Time,Category
& Juliet,https://playbill.com/production/juliet-broadway-stephen-sondheim-theatre-2022,https://assets.playbill.com/playbill-covers/_playbillListingTileCover/Juliet-Playbill-2025-06-01_Web.jpg,Stephen Sondheim,Broadway,New York (US),Musical,Original,Active,2,June 24–29,"June 24, 2025",7pm,show-production
& Juliet,https://playbill.com/production/juliet-broadway-stephen-sondheim-theatre-2022,https://assets.playbill.com/playbill-covers/_playbillListingTileCover/Juliet-Playbill-2025-06-01_Web.jpg,Stephen Sondheim,Broadway,New York (US),Musical,Original,Active,2,June 24–29,"June 25, 2025",2pm,show-production
& Juliet,https://playbill.com/production/juliet-broadway-stephen-sondheim-theatre-2022,https://assets.playbill.com/playbill-covers/_playbillListingTileCover/Juliet-Playbill-2025-06-01_Web.jpg,Stephen Sondheim,Broadway,New York (US),Musical,Original,Active,2,June 24–29,"June 26, 2025",7pm,show-production
& Juliet,https://playbill.com/production/juliet-broadway-stephen-sondheim-theatre-2022,https://assets.playbill.com/playbill-covers/_playbillListingTileCover/Juliet-Playbill-2025-06-01_Web.jpg,Stephen Sondheim,Broadway,New York (US),Musical,Original,Active,2,June 24–29,"June 27, 2025",8pm,show-production
& Juliet,https://playbill.com/production/juliet-broadway-stephen-sondheim-theatre-2022,https://assets.playbill.com/playbill-covers/_playbillListingTileCover/Juliet-Playbill-2025-06-01_Web.jpg,Stephen Sondheim,Broadway,New York (US),Musical,Original,Active,2,June 24–29,"June 28, 2025",2pm,show-production
& Juliet,https://playbill.com/production/juliet-broadway-stephen-sondheim-theatre-2022,https://assets.playbill.com/playbill-covers/_playbillListingTileCover/Juliet-Playbill-2025-06-01_Web.jpg,Stephen Sondheim,Broadway,New York (US),Musical,Original,Active,2,June 24–29,"June 29, 2025",1pm,show-production
Aladdin,https://playbill.com/production/aladdin-new-amsterdam-theatre-vault-0000014037,https://assets.playbill.com/playbill-covers/_playbillListingTileCover/Aladdin-Playbill-2025-06-01_Web.jpg,New Amsterdam,Broadway,New York (US),Musical,Original,Active,11,June 24–29,"June 24, 2025",7pm,show-production
Aladdin,https://playbill.com/production/aladdin-new-amsterdam-theatre-vault-0000014037,https://assets.playbill.com/playbill-covers/_playbillListingTileCover/Aladdin-Playbill-2025-06-01_Web.jpg,New Amsterdam,Broadway,New York (US),Musical,Original,Active,11,June 24–29,"June 25, 2025",2pm,show-production
Aladdin,https://playbill.com/production/aladdin-new-amsterdam-theatre-vault-0000014037,https://assets.playbill.com/playbill-covers/_playbillListingTileCover/Aladdin-Playbill-2025-06-01_Web.jpg,New Amsterdam,Broadway,New York (US),Musical,Original,Active,11,June 24–29,"June 26, 2025",7pm,show-production
Aladdin,https://playbill.com/production/aladdin-new-amsterdam-theatre-vault-0000014037,https://assets.playbill.com/playbill-covers/_playbillListingTileCover/Aladdin-Playbill-2025-06-01_Web.jpg,New Amsterdam,Broadway,New York (US),Musical,Original,Active,11,June 24–29,"June 27, 2025",8pm,show-production
Aladdin,https://playbill.com/production/aladdin-new-amsterdam-theatre-vault-0000014037,https://assets.playbill.com/playbill-covers/_playbillListingTileCover/Aladdin-Playbill-2025-06-01_Web.jpg,New Amsterdam,Broadway,New York (US),Musical,Original,Active,11,June 24–29,"June 28, 2025",2pm,show-production
Aladdin,https://playbill.com/production/aladdin-new-amsterdam-theatre-vault-0000014037,https://assets.playbill.com/playbill-covers/_playbillListingTileCover/Aladdin-Playbill-2025-06-01_Web.jpg,New Amsterdam,Broadway,New York (US),Musical,Original,Active,11,June 24–29,"June 29, 2025",3pm,show-production
BOOP! The Musical,https://playbill.com/production/boop-the-musical-broadway-broadhurst-theatre-2025,https://assets.playbill.com/playbill-covers/_playbillListingTileCover/Boop-The-Musical-Playbill-2025-06-01_Web.jpg,Broadhurst,Broadway,New York (US),Musical,Original,Active,0,June 24–29,"June 24, 2025",7pm,show-production
BOOP! The Musical,https://playbill.com/production/boop-the-musical-broadway-broadhurst-theatre-2025,https://assets.playbill.com/playbill-covers/_playbillListingTileCover/Boop-The-Musical-Playbill-2025-06-01_Web.jpg,Broadhurst,Broadway,New York (US),Musical,Original,Active,0,June 24–29,"June 25, 2025",2pm,show-production
BOOP! The Musical,https://playbill.com/production/boop-the-musical-broadway-broadhurst-theatre-2025,https://assets.playbill.com/playbill-covers/_playbillListingTileCover/Boop-The-Musical-Playbill-2025-06-01_Web.jpg,Broadhurst,Broadway,New York (US),Musical,Original,Active,0,June 24–29,"June 26, 2025",7pm,show-production
BOOP! The Musical,https://playbill.com/production/boop-the-musical-broadway-broadhurst-theatre-2025,https://assets.playbill.com/playbill-covers/_playbillListingTileCover/Boop-The-Musical-Playbill-2025-06-01_Web.jpg,Broadhurst,Broadway,New York (US),Musical,Original,Active,0,June 24–29,"June 27, 2025",7pm,show-production
BOOP! The Musical,https://playbill.com/production/boop-the-musical-broadway-broadhurst-theatre-2025,https://assets.playbill.com/playbill-covers/_playbillListingTileCover/Boop-The-Musical-Playbill-2025-06-01_Web.jpg,Broadhurst,Broadway,New York (US),Musical,Original,Active,0,June 24–29,"June 29, 2025",3pm,show-production
Buena Vista Social Club,https://playbill.com/production/buena-vista-social-club-broadway-gerald-schoenfeld-theatre-2025,https://assets.playbill.com/playbill-covers/_playbillListingTileCover/Buena-Vista-Social-Club-Playbill-2025-06-01_Web.jpg,Gerald Schoenfeld,Broadway,New York (US),Musical,Original,Active,0,June 24–29,"June 24, 2025",7pm,show-production
Buena Vista Social Club,https://playbill.com/production/buena-vista-social-club-broadway-gerald-schoenfeld-theatre-2025,https://assets.playbill.com/playbill-covers/_playbillListingTileCover/Buena-Vista-Social-Club-Playbill-2025-06-01_Web.jpg,Gerald Schoenfeld,Broadway,New York (US),Musical,Original,Active,0,June 24–29,"June 25, 2025",2pm,show-production
Buena Vista Social Club,https://playbill.com/production/buena-vista-social-club-broadway-gerald-schoenfeld-theatre-2025,https://assets.playbill.com/playbill-covers/_playbillListingTileCover/Buena-Vista-Social-Club-Playbill-2025-06-01_Web.jpg,Gerald Schoenfeld,Broadway,New York (US),Musical,Original,Active,0,June 24–29,"June 26, 2025",7pm,show-production
Buena Vista Social Club,https://playbill.com/production/buena-vista-social-club-broadway-gerald-schoenfeld-theatre-2025,https://assets.playbill.com/playbill-covers/_playbillListingTileCover/Buena-Vista-Social-Club-Playbill-2025-06-01_Web.jpg,Gerald Schoenfeld,Broadway,New York (US),Musical,Original,Active,0,June 24–29,"June 27, 2025",7:30pm,show-production
Buena Vista Social Club,https://playbill.com/production/buena-vista-social-club-broadway-gerald-schoenfeld-theatre-2025,https://assets.playbill.com/playbill-covers/_playbillListingTileCover/Buena-Vista-Social-Club-Playbill-2025-06-01_Web.jpg,Gerald Schoenfeld,Broadway,New York (US),Musical,Original,Active,0,June 24–29,"June 28, 2025",2pm,show-production
Buena Vista Social Club,https://playbill.com/production/buena-vista-social-club-broadway-gerald-schoenfeld-theatre-2025,https://assets.playbill.com/playbill-covers/_playbillListingTileCover/Buena-Vista-Social-Club-Playbill-2025-06-01_Web.jpg,Gerald Schoenfeld,Broadway,New York (US),Musical,Original,Active,0,June 24–29,"June 29, 2025",3pm,show-production
Cabaret,https://playbill.com/production/cabaret-broadway-august-wilson-theatre-2024,https://assets.playbill.com/playbill-covers/_playbillListingTileCover/Cabaret-Playbill-2024-06-01_Web.jpg,August Wilson,Broadway,New York (US),Musical,Revival,Upcoming,1,June 24–29,"June 24, 2025",7pm,show-production
Cabaret,https://playbill.com/production/cabaret-broadway-august-wilson-theatre-2024,https://assets.playbill.com/playbill-covers/_playbillListingTileCover/Cabaret-Playbill-2024-06-01_Web.jpg,August Wilson,Broadway,New York (US),Musical,Revival,Upcoming,1,June 24–29,"June 25, 2025",2pm,show-production
Cabaret,https://playbill.com/production/cabaret-broadway-august-wilson-theatre-2024,https://assets.playbill.com/playbill-covers/_playbillListingTileCover/Cabaret-Playbill-2024-06-01_Web.jpg,August Wilson,Broadway,New York (US),Musical,Revival,Upcoming,1,June 24–29,"June 26, 2025",7pm,show-production
Cabaret,https://playbill.com/production/cabaret-broadway-august-wilson-theatre-2024,https://assets.playbill.com/playbill-covers/_playbillListingTileCover/Cabaret-Playbill-2024-06-01_Web.jpg,August Wilson,Broadway,New York (US),Musical,Revival,Upcoming,1,June 24–29,"June 27, 2025",7pm,show-production
Cabaret,https://playbill.com/production/cabaret-broadway-august-wilson-theatre-2024,https://assets.playbill.com/playbill-covers/_playbillListingTileCover/Cabaret-Playbill-2024-06-01_Web.jpg,August Wilson,Broadway,New York (US),Musical,Revival,Upcoming,1,June 24–29,"June 28, 2025",2pm,show-production
Cabaret,https://playbill.com/production/cabaret-broadway-august-wilson-theatre-2024,https://assets.playbill.com/playbill-covers/_playbillListingTileCover/Cabaret-Playbill-2024-06-01_Web.jpg,August Wilson,Broadway,New York (US),Musical,Revival,Upcoming,1,June 24–29,"June 29, 2025",3pm,show-production
Call Me Izzy,https://playbill.com/production/call-me-izzy-broadway-studio-54-2025,https://assets.playbill.com/playbill-covers/_playbillListingTileCover/Call-Me-Izzy-Playbill-2025-06-01_Web.jpg,Studio 54,Broadway,New York (US),Play,One Act,Active,0,June 24–29,"June 24, 2025",7pm,show-production
Call Me Izzy,https://playbill.com/production/call-me-izzy-broadway-studio-54-2025,https://assets.playbill.com/playbill-covers/_playbillListingTileCover/Call-Me-Izzy-Playbill-2025-06-01_Web.jpg,Studio 54,Broadway,New York (US),Play,One Act,Active,0,June 24–29,"June 25, 2025",2pm,show-production
Call Me Izzy,https://playbill.com/production/call-me-izzy-broadway-studio-54-2025,https://assets.playbill.com/playbill-covers/_playbillListingTileCover/Call-Me-Izzy-Playbill-2025-06-01_Web.jpg,Studio 54,Broadway,New York (US),Play,One Act,Active,0,June 24–29,"June 26, 2025",7pm,show-production
Call Me Izzy,https://playbill.com/production/call-me-izzy-broadway-studio-54-2025,https://assets.playbill.com/playbill-covers/_playbillListingTileCover/Call-Me-Izzy-Playbill-2025-06-01_Web.jpg,Studio 54,Broadway,New York (US),Play,One Act,Active,0,June 24–29,"June 27, 2025",7pm,show-production
Call Me Izzy,https://playbill.com/production/call-me-izzy-broadway-studio-54-2025,https://assets.playbill.com/playbill-covers/_playbillListingTileCover/Call-Me-Izzy-Playbill-2025-06-01_Web.jpg,Studio 54,Broadway,New York (US),Play,One Act,Active,0,June 24–29,"June 28, 2025",2pm,show-production
Call Me Izzy,https://playbill.com/production/call-me-izzy-broadway-studio-54-2025,https://assets.playbill.com/playbill-covers/_playbillListingTileCover/Call-Me-Izzy-Playbill-2025-06-01_Web.jpg,Studio 54,Broadway,New York (US),Play,One Act,Active,0,June 24–29,"June 29, 2025",2pm,show-production
Chicago,https://playbill.com/production/chicago-richard-rodgers-theatre-vault-0000003074,https://assets.playbill.com/playbill-covers/_playbillListingTileCover/Chicago-Playbill-2024-06-01_Web.jpg,Ambassador,Broadway,New York (US),Musical,Revival,Active,28,June 23–29,"June 23, 2025",7pm,show-production
Chicago,https://playbill.com/production/chicago-richard-rodgers-theatre-vault-0000003074,https://assets.playbill.com/playbill-covers/_playbillListingTileCover/Chicago-Playbill-2024-06-01_Web.jpg,Ambassador,Broadway,New York (US),Musical,Revival,Active,28,June 23–29,"June 24, 2025",7pm,show-production
Chicago,https://playbill.com/production/chicago-richard-rodgers-theatre-vault-0000003074,https://assets.playbill.com/playbill-covers/_playbillListingTileCover/Chicago-Playbill-2024-06-01_Web.jpg,Ambassador,Broadway,New York (US),Musical,Revival,Active,28,June 23–29,"June 26, 2025",7pm,show-production
Chicago,https://playbill.com/production/chicago-richard-rodgers-theatre-vault-0000003074,https://assets.playbill.com/playbill-covers/_playbillListingTileCover/Chicago-Playbill-2024-06-01_Web.jpg,Ambassador,Broadway,New York (US),Musical,Revival,Active,28,June 23–29,"June 27, 2025",8pm,show-production
Chicago,https://playbill.com/production/chicago-richard-rodgers-theatre-vault-0000003074,https://assets.playbill.com/playbill-covers/_playbillListingTileCover/Chicago-Playbill-2024-06-01_Web.jpg,Ambassador,Broadway,New York (US),Musical,Revival,Active,28,June 23–29,"June 28, 2025",2:30pm,show-production
Chicago,https://playbill.com/production/chicago-richard-rodgers-theatre-vault-0000003074,https://assets.playbill.com/playbill-covers/_playbillListingTileCover/Chicago-Playbill-2024-06-01_Web.jpg,Ambassador,Broadway,New York (US),Musical,Revival,Active,28,June 23–29,"June 29, 2025",2pm,show-production
Dead Outlaw,https://playbill.com/production/dead-outlaw-broadway-longacre-theatre-2025,https://assets.playbill.com/playbill-covers/_playbillListingTileCover/Dead-Outlaw-Playbill-2025-06-01_Web.jpg,Longacre,Broadway,New York (US),Musical,One Act,Upcoming,0,June 24–29,"June 24, 2025",7pm,show-production
Dead Outlaw,https://playbill.com/production/dead-outlaw-broadway-longacre-theatre-2025,https://assets.playbill.com/playbill-covers/_playbillListingTileCover/Dead-Outlaw-Playbill-2025-06-01_Web.jpg,Longacre,Broadway,New York (US),Musical,One Act,Upcoming,0,June 24–29,"June 25, 2025",2pm,show-production
Dead Outlaw,https://playbill.com/production/dead-outlaw-broadway-longacre-theatre-2025,https://assets.playbill.com/playbill-covers/_playbillListingTileCover/Dead-Outlaw-Playbill-2025-06-01_Web.jpg,Longacre,Broadway,New York (US),Musical,One Act,Upcoming,0,June 24–29,"June 26, 2025",7pm,show-production
Dead Outlaw,https://playbill.com/production/dead-outlaw-broadway-longacre-theatre-2025,https://assets.playbill.com/playbill-covers/_playbillListingTileCover/Dead-Outlaw-Playbill-2025-06-01_Web.jpg,Longacre,Broadway,New York (US),Musical,One Act,Upcoming,0,June 24–29,"June 27, 2025",7pm,show-production
Dead Outlaw,https://playbill.com/production/dead-outlaw-broadway-longacre-theatre-2025,https://assets.playbill.com/playbill-covers/_playbillListingTileCover/Dead-Outlaw-Playbill-2025-06-01_Web.jpg,Longacre,Broadway,New York (US),Musical,One Act,Upcoming,0,June 24–29,"June 28, 2025",2pm,show-production
Dead Outlaw,https://playbill.com/production/dead-outlaw-broadway-longacre-theatre-2025,https://assets.playbill.com/playbill-covers/_playbillListingTileCover/Dead-Outlaw-Playbill-2025-06-01_Web.jpg,Longacre,Broadway,New York (US),Musical,One Act,Upcoming,0,June 24–29,"June 29, 2025",3pm,show-production
Death Becomes Her,https://playbill.com/production/death-becomes-her-broadway-lunt-fontanne-theatre-2024,https://assets.playbill.com/playbill-covers/_playbillListingTileCover/Death-Becomes-Her-Playbill-2025-06-01_Web.jpg,Lunt-Fontanne,Broadway,New York (US),Comedy,Musical,Active,0,June 24–29,"June 24, 2025",7pm,show-production
Death Becomes Her,https://playbill.com/production/death-becomes-her-broadway-lunt-fontanne-theatre-2024,https://assets.playbill.com/playbill-covers/_playbillListingTileCover/Death-Becomes-Her-Playbill-2025-06-01_Web.jpg,Lunt-Fontanne,Broadway,New York (US),Comedy,Musical,Active,0,June 24–29,"June 25, 2025",2pm,show-production
Death Becomes Her,https://playbill.com/production/death-becomes-her-broadway-lunt-fontanne-theatre-2024,https://assets.playbill.com/playbill-covers/_playbillListingTileCover/Death-Becomes-Her-Playbill-2025-06-01_Web.jpg,Lunt-Fontanne,Broadway,New York (US),Comedy,Musical,Active,0,June 24–29,"June 26, 2025",7pm,show-production
Death Becomes Her,https://playbill.com/production/death-becomes-her-broadway-lunt-fontanne-theatre-2024,https://assets.playbill.com/playbill-covers/_playbillListingTileCover/Death-Becomes-Her-Playbill-2025-06-01_Web.jpg,Lunt-Fontanne,Broadway,New York (US),Comedy,Musical,Active,0,June 24–29,"June 27, 2025",7pm,show-production
Death Becomes Her,https://playbill.com/production/death-becomes-her-broadway-lunt-fontanne-theatre-2024,https://assets.playbill.com/playbill-covers/_playbillListingTileCover/Death-Becomes-Her-Playbill-2025-06-01_Web.jpg,Lunt-Fontanne,Broadway,New York (US),Comedy,Musical,Active,0,June 24–29,"June 28, 2025",2pm,show-production
Death Becomes Her,https://playbill.com/production/death-becomes-her-broadway-lunt-fontanne-theatre-2024,https://assets.playbill.com/playbill-covers/_playbillListingTileCover/Death-Becomes-Her-Playbill-2025-06-01_Web.jpg,Lunt-Fontanne,Broadway,New York (US),Comedy,Musical,Active,0,June 24–29,"June 29, 2025",3pm,show-production
Glengarry Glen Ross,https://playbill.com/production/glengarry-glen-ross-broadway-palace-theatre-2025,https://assets.playbill.com/playbill-covers/_playbillListingTileCover/Glengarry-Glen-Ross-Playbill-2025-06-01_Web.jpg,Palace,Broadway,New York (US),Play,Drama,Upcoming,0,June 23–28,"June 23, 2025",7pm,show-production
Glengarry Glen Ross,https://playbill.com/production/glengarry-glen-ross-broadway-palace-theatre-2025,https://assets.playbill.com/playbill-covers/_playbillListingTileCover/Glengarry-Glen-Ross-Playbill-2025-06-01_Web.jpg,Palace,Broadway,New York (US),Play,Drama,Upcoming,0,June 23–28,"June 24, 2025",7pm,show-production
Glengarry Glen Ross,https://playbill.com/production/glengarry-glen-ross-broadway-palace-theatre-2025,https://assets.playbill.com/playbill-covers/_playbillListingTileCover/Glengarry-Glen-Ross-Playbill-2025-06-01_Web.jpg,Palace,Broadway,New York (US),Play,Drama,Upcoming,0,June 23–28,"June 25, 2025",2pm,show-production
Glengarry Glen Ross,https://playbill.com/production/glengarry-glen-ross-broadway-palace-theatre-2025,https://assets.playbill.com/playbill-covers/_playbillListingTileCover/Glengarry-Glen-Ross-Playbill-2025-06-01_Web.jpg,Palace,Broadway,New York (US),Play,Drama,Upcoming,0,June 23–28,"June 26, 2025",7pm,show-production
Glengarry Glen Ross,https://playbill.com/production/glengarry-glen-ross-broadway-palace-theatre-2025,https://assets.playbill.com/playbill-covers/_playbillListingTileCover/Glengarry-Glen-Ross-Playbill-2025-06-01_Web.jpg,Palace,Broadway,New York (US),Play,Drama,Upcoming,0,June 23–28,"June 27, 2025",8pm,show-production
Glengarry Glen Ross,https://playbill.com/production/glengarry-glen-ross-broadway-palace-theatre-2025,https://assets.playbill.com/playbill-covers/_playbillListingTileCover/Glengarry-Glen-Ross-Playbill-2025-06-01_Web.jpg,Palace,Broadway,New York (US),Play,Drama,Upcoming,0,June 23–28,"June 28, 2025",2pm,show-production
Gypsy,https://playbill.com/production/gypsy-broadway-majestic-theatre-2024,https://assets.playbill.com/playbill-covers/_playbillListingTileCover/Gypsy-Playbill-2025-06-01_Web.jpg,Majestic,Broadway,New York (US),Musical,Revival,Active,0,June 24–29,"June 24, 2025",7pm,show-production
Gypsy,https://playbill.com/production/gypsy-broadway-majestic-theatre-2024,https://assets.playbill.com/playbill-covers/_playbillListingTileCover/Gypsy-Playbill-2025-06-01_Web.jpg,Majestic,Broadway,New York (US),Musical,Revival,Active,0,June 24–29,"June 25, 2025",2pm,show-production
Gypsy,https://playbill.com/production/gypsy-broadway-majestic-theatre-2024,https://assets.playbill.com/playbill-covers/_playbillListingTileCover/Gypsy-Playbill-2025-06-01_Web.jpg,Majestic,Broadway,New York (US),Musical,Revival,Active,0,June 24–29,"June 26, 2025",7pm,show-production
Gypsy,https://playbill.com/production/gypsy-broadway-majestic-theatre-2024,https://assets.playbill.com/playbill-covers/_playbillListingTileCover/Gypsy-Playbill-2025-06-01_Web.jpg,Majestic,Broadway,New York (US),Musical,Revival,Active,0,June 24–29,"June 27, 2025",7pm,show-production
Gypsy,https://playbill.com/production/gypsy-broadway-majestic-theatre-2024,https://assets.playbill.com/playbill-covers/_playbillListingTileCover/Gypsy-Playbill-2025-06-01_Web.jpg,Majestic,Broadway,New York (US),Musical,Revival,Active,0,June 24–29,"June 28, 2025",2pm,show-production
Gypsy,https://playbill.com/production/gypsy-broadway-majestic-theatre-2024,https://assets.playbill.com/playbill-covers/_playbillListingTileCover/Gypsy-Playbill-2025-06-01_Web.jpg,Majestic,Broadway,New York (US),Musical,Revival,Active,0,June 24–29,"June 29, 2025",3pm,show-production
Hadestown,https://playbill.com/production/hadestownwalter-kerr-theatre-2018-2019,https://assets.playbill.com/playbill-covers/_playbillListingTileCover/Hadestown-Playbill-2024-06-01_Web.jpg,Walter Kerr,Broadway,New York (US),Musical,Original,Active,6,June 24–29,"June 24, 2025",7pm,show-production
Hadestown,https://playbill.com/production/hadestownwalter-kerr-theatre-2018-2019,https://assets.playbill.com/playbill-covers/_playbillListingTileCover/Hadestown-Playbill-2024-06-01_Web.jpg,Walter Kerr,Broadway,New York (US),Musical,Original,Active,6,June 24–29,"June 25, 2025",2pm,show-production
Hadestown,https://playbill.com/production/hadestownwalter-kerr-theatre-2018-2019,https://assets.playbill.com/playbill-covers/_playbillListingTileCover/Hadestown-Playbill-2024-06-01_Web.jpg,Walter Kerr,Broadway,New York (US),Musical,Original,Active,6,June 24–29,"June 26, 2025",7pm,show-production
Hadestown,https://playbill.com/production/hadestownwalter-kerr-theatre-2018-2019,https://assets.playbill.com/playbill-covers/_playbillListingTileCover/Hadestown-Playbill-2024-06-01_Web.jpg,Walter Kerr,Broadway,New York (US),Musical,Original,Active,6,June 24–29,"June 27, 2025",7pm,show-production
Hadestown,https://playbill.com/production/hadestownwalter-kerr-theatre-2018-2019,https://assets.playbill.com/playbill-covers/_playbillListingTileCover/Hadestown-Playbill-2024-06-01_Web.jpg,Walter Kerr,Broadway,New York (US),Musical,Original,Active,6,June 24–29,"June 28, 2025",2pm,show-production
Hadestown,https://playbill.com/production/hadestownwalter-kerr-theatre-2018-2019,https://assets.playbill.com/playbill-covers/_playbillListingTileCover/Hadestown-Playbill-2024-06-01_Web.jpg,Walter Kerr,Broadway,New York (US),Musical,Original,Active,6,June 24–29,"June 29, 2025",3pm,show-production
Hamilton,https://playbill.com/production/hamilton-broadway-richard-rodgers-theatre-2015,https://assets.playbill.com/playbill-covers/_playbillListingTileCover/Hamilton-Playbill-2023-06-01_Web.jpg,Richard Rodgers,Broadway,New York (US),Musical,Original,Active,9,June 24–28,"June 24, 2025",7pm,show-production
Hamilton,https://playbill.com/production/hamilton-broadway-richard-rodgers-theatre-2015,https://assets.playbill.com/playbill-covers/_playbillListingTileCover/Hamilton-Playbill-2023-06-01_Web.jpg,Richard Rodgers,Broadway,New York (US),Musical,Original,Active,9,June 24–28,"June 25, 2025",1pm,show-production
Hamilton,https://playbill.com/production/hamilton-broadway-richard-rodgers-theatre-2015,https://assets.playbill.com/playbill-covers/_playbillListingTileCover/Hamilton-Playbill-2023-06-01_Web.jpg,Richard Rodgers,Broadway,New York (US),Musical,Original,Active,9,June 24–28,"June 26, 2025",7pm,show-production
Hamilton,https://playbill.com/production/hamilton-broadway-richard-rodgers-theatre-2015,https://assets.playbill.com/playbill-covers/_playbillListingTileCover/Hamilton-Playbill-2023-06-01_Web.jpg,Richard Rodgers,Broadway,New York (US),Musical,Original,Active,9,June 24–28,"June 27, 2025",7pm,show-production
Hamilton,https://playbill.com/production/hamilton-broadway-richard-rodgers-theatre-2015,https://assets.playbill.com/playbill-covers/_playbillListingTileCover/Hamilton-Playbill-2023-06-01_Web.jpg,Richard Rodgers,Broadway,New York (US),Musical,Original,Active,9,June 24–28,"June 28, 2025",1pm,show-production
Harry Potter and the Cursed Child,https://playbill.com/production/harry-potter-and-the-cursed-childlyric-theatre-2017-2018,https://assets.playbill.com/playbill-covers/_playbillListingTileCover/Harry-Potter-And-The-Cursed-Child-Playbill-2025-06-01_Web.jpg,Lyric,Broadway,New York (US),Play,Original,Active,7,June 24–29,"June 24, 2025",7pm,show-production
Harry Potter and the Cursed Child,https://playbill.com/production/harry-potter-and-the-cursed-childlyric-theatre-2017-2018,https://assets.playbill.com/playbill-covers/_playbillListingTileCover/Harry-Potter-And-The-Cursed-Child-Playbill-2025-06-01_Web.jpg,Lyric,Broadway,New York (US),Play,Original,Active,7,June 24–29,"June 25, 2025",1pm,show-production
Harry Potter and the Cursed Child,https://playbill.com/production/harry-potter-and-the-cursed-childlyric-theatre-2017-2018,https://assets.playbill.com/playbill-covers/_playbillListingTileCover/Harry-Potter-And-The-Cursed-Child-Playbill-2025-06-01_Web.jpg,Lyric,Broadway,New York (US),Play,Original,Active,7,June 24–29,"June 26, 2025",7pm,show-production
Harry Potter and the Cursed Child,https://playbill.com/production/harry-potter-and-the-cursed-childlyric-theatre-2017-2018,https://assets.playbill.com/playbill-covers/_playbillListingTileCover/Harry-Potter-And-The-Cursed-Child-Playbill-2025-06-01_Web.jpg,Lyric,Broadway,New York (US),Play,Original,Active,7,June 24–29,"June 27, 2025",7pm,show-production
Harry Potter and the Cursed Child,https://playbill.com/production/harry-potter-and-the-cursed-childlyric-theatre-2017-2018,https://assets.playbill.com/playbill-covers/_playbillListingTileCover/Harry-Potter-And-The-Cursed-Child-Playbill-2025-06-01_Web.jpg,Lyric,Broadway,New York (US),Play,Original,Active,7,June 24–29,"June 28, 2025",2pm,show-production
Harry Potter and the Cursed Child,https://playbill.com/production/harry-potter-and-the-cursed-childlyric-theatre-2017-2018,https://assets.playbill.com/playbill-covers/_playbillListingTileCover/Harry-Potter-And-The-Cursed-Child-Playbill-2025-06-01_Web.jpg,Lyric,Broadway,New York (US),Play,Original,Active,7,June 24–29,"June 29, 2025",3pm,show-production
Hell's Kitchen,https://playbill.com/production/hells-kitchen-broadway-sam-s-shubert-theatre-2024,https://assets.playbill.com/playbill-covers/_playbillListingTileCover/Hells-Kitchen-Playbill-2025-06-01_Web.jpg,Sam S. Shubert,Broadway,New York (US),Musical,Original,Active,1,June 24–29,"June 24, 2025",7pm,show-production
Hell's Kitchen,https://playbill.com/production/hells-kitchen-broadway-sam-s-shubert-theatre-2024,https://assets.playbill.com/playbill-covers/_playbillListingTileCover/Hells-Kitchen-Playbill-2025-06-01_Web.jpg,Sam S. Shubert,Broadway,New York (US),Musical,Original,Active,1,June 24–29,"June 25, 2025",2pm,show-production
Hell's Kitchen,https://playbill.com/production/hells-kitchen-broadway-sam-s-shubert-theatre-2024,https://assets.playbill.com/playbill-covers/_playbillListingTileCover/Hells-Kitchen-Playbill-2025-06-01_Web.jpg,Sam S. Shubert,Broadway,New York (US),Musical,Original,Active,1,June 24–29,"June 26, 2025",7pm,show-production
Hell's Kitchen,https://playbill.com/production/hells-kitchen-broadway-sam-s-shubert-theatre-2024,https://assets.playbill.com/playbill-covers/_playbillListingTileCover/Hells-Kitchen-Playbill-2025-06-01_Web.jpg,Sam S. Shubert,Broadway,New York (US),Musical,Original,Active,1,June 24–29,"June 27, 2025",7pm,show-production
Hell's Kitchen,https://playbill.com/production/hells-kitchen-broadway-sam-s-shubert-theatre-2024,https://assets.playbill.com/playbill-covers/_playbillListingTileCover/Hells-Kitchen-Playbill-2025-06-01_Web.jpg,Sam S. Shubert,Broadway,New York (US),Musical,Original,Active,1,June 24–29,"June 28, 2025",2pm,show-production
Hell's Kitchen,https://playbill.com/production/hells-kitchen-broadway-sam-s-shubert-theatre-2024,https://assets.playbill.com/playbill-covers/_playbillListingTileCover/Hells-Kitchen-Playbill-2025-06-01_Web.jpg,Sam S. Shubert,Broadway,New York (US),Musical,Original,Active,1,June 24–29,"June 29, 2025",3pm,show-production
John Proctor is the Villain,https://playbill.com/production/john-proctor-is-the-villain-broadway-booth-theatre-2025,https://assets.playbill.com/playbill-covers/_playbillListingTileCover/John-Proctor-Is-The-Villain-Playbill-2025-06-01_Web.jpg,Booth,Broadway,New York (US),Play,One Act,Upcoming,0,June 24–29,"June 24, 2025",7pm,show-production
John Proctor is the Villain,https://playbill.com/production/john-proctor-is-the-villain-broadway-booth-theatre-2025,https://assets.playbill.com/playbill-covers/_playbillListingTileCover/John-Proctor-Is-The-Villain-Playbill-2025-06-01_Web.jpg,Booth,Broadway,New York (US),Play,One Act,Upcoming,0,June 24–29,"June 25, 2025",1pm,show-production
John Proctor is the Villain,https://playbill.com/production/john-proctor-is-the-villain-broadway-booth-theatre-2025,https://assets.playbill.com/playbill-covers/_playbillListingTileCover/John-Proctor-Is-The-Villain-Playbill-2025-06-01_Web.jpg,Booth,Broadway,New York (US),Play,One Act,Upcoming,0,June 24–29,"June 26, 2025",7pm,show-production
John Proctor is the Villain,https://playbill.com/production/john-proctor-is-the-villain-broadway-booth-theatre-2025,https://assets.playbill.com/playbill-covers/_playbillListingTileCover/John-Proctor-Is-The-Villain-Playbill-2025-06-01_Web.jpg,Booth,Broadway,New York (US),Play,One Act,Upcoming,0,June 24–29,"June 27, 2025",7pm,show-production
John Proctor is the Villain,https://playbill.com/production/john-proctor-is-the-villain-broadway-booth-theatre-2025,https://assets.playbill.com/playbill-covers/_playbillListingTileCover/John-Proctor-Is-The-Villain-Playbill-2025-06-01_Web.jpg,Booth,Broadway,New York (US),Play,One Act,Upcoming,0,June 24–29,"June 28, 2025",1pm,show-production
John Proctor is the Villain,https://playbill.com/production/john-proctor-is-the-villain-broadway-booth-theatre-2025,https://assets.playbill.com/playbill-covers/_playbillListingTileCover/John-Proctor-Is-The-Villain-Playbill-2025-06-01_Web.jpg,Booth,Broadway,New York (US),Play,One Act,Upcoming,0,June 24–29,"June 29, 2025",2pm,show-production
Just in Time,https://playbill.com/production/just-in-time-broadway-circle-in-the-square-theatre-2025,https://assets.playbill.com/playbill-covers/_playbillListingTileCover/Just-In-Time-Playbill-2025-06-01_Web.jpg,Circle in the Square,Broadway,New York (US),Musical,Original,Active,0,June 24–29,"June 24, 2025",7pm,show-production
Just in Time,https://playbill.com/production/just-in-time-broadway-circle-in-the-square-theatre-2025,https://assets.playbill.com/playbill-covers/_playbillListingTileCover/Just-In-Time-Playbill-2025-06-01_Web.jpg,Circle in the Square,Broadway,New York (US),Musical,Original,Active,0,June 24–29,"June 25, 2025",2pm,show-production
Just in Time,https://playbill.com/production/just-in-time-broadway-circle-in-the-square-theatre-2025,https://assets.playbill.com/playbill-covers/_playbillListingTileCover/Just-In-Time-Playbill-2025-06-01_Web.jpg,Circle in the Square,Broadway,New York (US),Musical,Original,Active,0,June 24–29,"June 26, 2025",7pm,show-production
Just in Time,https://playbill.com/production/just-in-time-broadway-circle-in-the-square-theatre-2025,https://assets.playbill.com/playbill-covers/_playbillListingTileCover/Just-In-Time-Playbill-2025-06-01_Web.jpg,Circle in the Square,Broadway,New York (US),Musical,Original,Active,0,June 24–29,"June 27, 2025",7pm,show-production
Just in Time,https://playbill.com/production/just-in-time-broadway-circle-in-the-square-theatre-2025,https://assets.playbill.com/playbill-covers/_playbillListingTileCover/Just-In-Time-Playbill-2025-06-01_Web.jpg,Circle in the Square,Broadway,New York (US),Musical,Original,Active,0,June 24–29,"June 28, 2025",2pm,show-production
Just in Time,https://playbill.com/production/just-in-time-broadway-circle-in-the-square-theatre-2025,https://assets.playbill.com/playbill-covers/_playbillListingTileCover/Just-In-Time-Playbill-2025-06-01_Web.jpg,Circle in the Square,Broadway,New York (US),Musical,Original,Active,0,June 24–29,"June 29, 2025",2pm,show-production
Maybe Happy Ending,https://playbill.com/production/maybe-happy-ending-broadway-belasco-theatre-2024,https://assets.playbill.com/playbill-covers/_playbillListingTileCover/Maybe-Happy-Ending-Playbill-2025-06-01_Web.jpg,Belasco,Broadway,New York (US),Musical,One Act,Active,0,June 24–29,"June 24, 2025",7pm,show-production
Maybe Happy Ending,https://playbill.com/production/maybe-happy-ending-broadway-belasco-theatre-2024,https://assets.playbill.com/playbill-covers/_playbillListingTileCover/Maybe-Happy-Ending-Playbill-2025-06-01_Web.jpg,Belasco,Broadway,New York (US),Musical,One Act,Active,0,June 24–29,"June 25, 2025",2pm,show-production
Maybe Happy Ending,https://playbill.com/production/maybe-happy-ending-broadway-belasco-theatre-2024,https://assets.playbill.com/playbill-covers/_playbillListingTileCover/Maybe-Happy-Ending-Playbill-2025-06-01_Web.jpg,Belasco,Broadway,New York (US),Musical,One Act,Active,0,June 24–29,"June 26, 2025",7pm,show-production
Maybe Happy Ending,https://playbill.com/production/maybe-happy-ending-broadway-belasco-theatre-2024,https://assets.playbill.com/playbill-covers/_playbillListingTileCover/Maybe-Happy-Ending-Playbill-2025-06-01_Web.jpg,Belasco,Broadway,New York (US),Musical,One Act,Active,0,June 24–29,"June 27, 2025",7pm,show-production
Maybe Happy Ending,https://playbill.com/production/maybe-happy-ending-broadway-belasco-theatre-2024,https://assets.playbill.com/playbill-covers/_playbillListingTileCover/Maybe-Happy-Ending-Playbill-2025-06-01_Web.jpg,Belasco,Broadway,New York (US),Musical,One Act,Active,0,June 24–29,"June 28, 2025",2pm,show-production
Maybe Happy Ending,https://playbill.com/production/maybe-happy-ending-broadway-belasco-theatre-2024,https://assets.playbill.com/playbill-covers/_playbillListingTileCover/Maybe-Happy-Ending-Playbill-2025-06-01_Web.jpg,Belasco,Broadway,New York (US),Musical,One Act,Active,0,June 24–29,"June 29, 2025",3pm,show-production
MJ The Musical,https://playbill.com/production/mj-the-musicalneil-simon-theatre-2021-2022,https://assets.playbill.com/playbill-covers/_playbillListingTileCover/MJ-Playbill-2023-06-01_Web.jpg,Neil Simon,Broadway,New York (US),Musical,Original,Active,3,June 24–29,"June 24, 2025",7pm,show-production
MJ The Musical,https://playbill.com/production/mj-the-musicalneil-simon-theatre-2021-2022,https://assets.playbill.com/playbill-covers/_playbillListingTileCover/MJ-Playbill-2023-06-01_Web.jpg,Neil Simon,Broadway,New York (US),Musical,Original,Active,3,June 24–29,"June 25, 2025",1pm,show-production
MJ The Musical,https://playbill.com/production/mj-the-musicalneil-simon-theatre-2021-2022,https://assets.playbill.com/playbill-covers/_playbillListingTileCover/MJ-Playbill-2023-06-01_Web.jpg,Neil Simon,Broadway,New York (US),Musical,Original,Active,3,June 24–29,"June 26, 2025",7pm,show-production
MJ The Musical,https://playbill.com/production/mj-the-musicalneil-simon-theatre-2021-2022,https://assets.playbill.com/playbill-covers/_playbillListingTileCover/MJ-Playbill-2023-06-01_Web.jpg,Neil Simon,Broadway,New York (US),Musical,Original,Active,3,June 24–29,"June 27, 2025",7pm,show-production
MJ The Musical,https://playbill.com/production/mj-the-musicalneil-simon-theatre-2021-2022,https://assets.playbill.com/playbill-covers/_playbillListingTileCover/MJ-Playbill-2023-06-01_Web.jpg,Neil Simon,Broadway,New York (US),Musical,Original,Active,3,June 24–29,"June 28, 2025",2pm,show-production
MJ The Musical,https://playbill.com/production/mj-the-musicalneil-simon-theatre-2021-2022,https://assets.playbill.com/playbill-covers/_playbillListingTileCover/MJ-Playbill-2023-06-01_Web.jpg,Neil Simon,Broadway,New York (US),Musical,Original,Active,3,June 24–29,"June 29, 2025",3pm,show-production
Moulin Rouge! The Musical,https://playbill.com/production/moulin-rouge-the-musical-hirschfeld-theatre-2019-2020,https://assets.playbill.com/playbill-covers/_playbillListingTileCover/Moulin-Rouge-Playbill-2025-06-01_Web.jpg,Al Hirschfeld,Broadway,New York (US),Musical,Original,Active,5,June 24–29,"June 24, 2025",7pm,show-production
Moulin Rouge! The Musical,https://playbill.com/production/moulin-rouge-the-musical-hirschfeld-theatre-2019-2020,https://assets.playbill.com/playbill-covers/_playbillListingTileCover/Moulin-Rouge-Playbill-2025-06-01_Web.jpg,Al Hirschfeld,Broadway,New York (US),Musical,Original,Active,5,June 24–29,"June 25, 2025",2pm,show-production
Moulin Rouge! The Musical,https://playbill.com/production/moulin-rouge-the-musical-hirschfeld-theatre-2019-2020,https://assets.playbill.com/playbill-covers/_playbillListingTileCover/Moulin-Rouge-Playbill-2025-06-01_Web.jpg,Al Hirschfeld,Broadway,New York (US),Musical,Original,Active,5,June 24–29,"June 26, 2025",7pm,show-production
Moulin Rouge! The Musical,https://playbill.com/production/moulin-rouge-the-musical-hirschfeld-theatre-2019-2020,https://assets.playbill.com/playbill-covers/_playbillListingTileCover/Moulin-Rouge-Playbill-2025-06-01_Web.jpg,Al Hirschfeld,Broadway,New York (US),Musical,Original,Active,5,June 24–29,"June 27, 2025",7pm,show-production
Moulin Rouge! The Musical,https://playbill.com/production/moulin-rouge-the-musical-hirschfeld-theatre-2019-2020,https://assets.playbill.com/playbill-covers/_playbillListingTileCover/Moulin-Rouge-Playbill-2025-06-01_Web.jpg,Al Hirschfeld,Broadway,New York (US),Musical,Original,Active,5,June 24–29,"June 28, 2025",2pm,show-production
Moulin Rouge! The Musical,https://playbill.com/production/moulin-rouge-the-musical-hirschfeld-theatre-2019-2020,https://assets.playbill.com/playbill-covers/_playbillListingTileCover/Moulin-Rouge-Playbill-2025-06-01_Web.jpg,Al Hirschfeld,Broadway,New York (US),Musical,Original,Active,5,June 24–29,"June 29, 2025",5pm,show-production
"Oh, Mary!",https://playbill.com/production/oh-mary-broadway-lyceum-theatre-2024,https://assets.playbill.com/playbill-covers/_playbillListingTileCover/Oh-Mary-Playbill-2024-06-26_Web.jpg,Lyceum,Broadway,New York (US),Play,Comedy,Active,0,June 23–28,"June 23, 2025",7:30pm,show-production
"Oh, Mary!",https://playbill.com/production/oh-mary-broadway-lyceum-theatre-2024,https://assets.playbill.com/playbill-covers/_playbillListingTileCover/Oh-Mary-Playbill-2024-06-26_Web.jpg,Lyceum,Broadway,New York (US),Play,Comedy,Active,0,June 23–28,"June 24, 2025",7:30pm,show-production
"Oh, Mary!",https://playbill.com/production/oh-mary-broadway-lyceum-theatre-2024,https://assets.playbill.com/playbill-covers/_playbillListingTileCover/Oh-Mary-Playbill-2024-06-26_Web.jpg,Lyceum,Broadway,New York (US),Play,Comedy,Active,0,June 23–28,"June 25, 2025",7:30pm,show-production
"Oh, Mary!",https://playbill.com/production/oh-mary-broadway-lyceum-theatre-2024,https://assets.playbill.com/playbill-covers/_playbillListingTileCover/Oh-Mary-Playbill-2024-06-26_Web.jpg,Lyceum,Broadway,New York (US),Play,Comedy,Active,0,June 23–28,"June 26, 2025",5pm,show-production
"Oh, Mary!",https://playbill.com/production/oh-mary-broadway-lyceum-theatre-2024,https://assets.playbill.com/playbill-covers/_playbillListingTileCover/Oh-Mary-Playbill-2024-06-26_Web.jpg,Lyceum,Broadway,New York (US),Play,Comedy,Active,0,June 23–28,"June 27, 2025",7:30pm,show-production
"Oh, Mary!",https://playbill.com/production/oh-mary-broadway-lyceum-theatre-2024,https://assets.playbill.com/playbill-covers/_playbillListingTileCover/Oh-Mary-Playbill-2024-06-26_Web.jpg,Lyceum,Broadway,New York (US),Play,Comedy,Active,0,June 23–28,"June 28, 2025",5pm,show-production
Operation Mincemeat,https://playbill.com/production/operation-mincemeat-broadway-john-golden-theatre-2025,https://assets.playbill.com/playbill-covers/_playbillListingTileCover/Operation-Mincemeat-Playbill-2025-06-01_Web.jpg,John Golden,Broadway,New York (US),Comedy,Musical,Active,0,June 24–29,"June 24, 2025",7pm,show-production
Operation Mincemeat,https://playbill.com/production/operation-mincemeat-broadway-john-golden-theatre-2025,https://assets.playbill.com/playbill-covers/_playbillListingTileCover/Operation-Mincemeat-Playbill-2025-06-01_Web.jpg,John Golden,Broadway,New York (US),Comedy,Musical,Active,0,June 24–29,"June 25, 2025",2pm,show-production
Operation Mincemeat,https://playbill.com/production/operation-mincemeat-broadway-john-golden-theatre-2025,https://assets.playbill.com/playbill-covers/_playbillListingTileCover/Operation-Mincemeat-Playbill-2025-06-01_Web.jpg,John Golden,Broadway,New York (US),Comedy,Musical,Active,0,June 24–29,"June 26, 2025",7pm,show-production
Operation Mincemeat,https://playbill.com/production/operation-mincemeat-broadway-john-golden-theatre-2025,https://assets.playbill.com/playbill-covers/_playbillListingTileCover/Operation-Mincemeat-Playbill-2025-06-01_Web.jpg,John Golden,Broadway,New York (US),Comedy,Musical,Active,0,June 24–29,"June 27, 2025",7:30pm,show-production
Operation Mincemeat,https://playbill.com/production/operation-mincemeat-broadway-john-golden-theatre-2025,https://assets.playbill.com/playbill-covers/_playbillListingTileCover/Operation-Mincemeat-Playbill-2025-06-01_Web.jpg,John Golden,Broadway,New York (US),Comedy,Musical,Active,0,June 24–29,"June 28, 2025",2pm,show-production
Operation Mincemeat,https://playbill.com/production/operation-mincemeat-broadway-john-golden-theatre-2025,https://assets.playbill.com/playbill-covers/_playbillListingTileCover/Operation-Mincemeat-Playbill-2025-06-01_Web.jpg,John Golden,Broadway,New York (US),Comedy,Musical,Active,0,June 24–29,"June 29, 2025",2pm,show-production
Pirates! The Penzance Musical,https://playbill.com/production/pirates-the-penzance-musical-broadway-todd-haimes-theatre-2025,https://assets.playbill.com/playbill-covers/_playbillListingTileCover/Pirates-The-Penzance-Musical-Playbill-2025-06-01_Web.jpg,Todd Haimes,Broadway,New York (US),Musical,Revival,Upcoming,0,June 24–29,"June 24, 2025",7pm,show-production
Pirates! The Penzance Musical,https://playbill.com/production/pirates-the-penzance-musical-broadway-todd-haimes-theatre-2025,https://assets.playbill.com/playbill-covers/_playbillListingTileCover/Pirates-The-Penzance-Musical-Playbill-2025-06-01_Web.jpg,Todd Haimes,Broadway,New York (US),Musical,Revival,Upcoming,0,June 24–29,"June 25, 2025",2pm,show-production
Pirates! The Penzance Musical,https://playbill.com/production/pirates-the-penzance-musical-broadway-todd-haimes-theatre-2025,https://assets.playbill.com/playbill-covers/_playbillListingTileCover/Pirates-The-Penzance-Musical-Playbill-2025-06-01_Web.jpg,Todd Haimes,Broadway,New York (US),Musical,Revival,Upcoming,0,June 24–29,"June 26, 2025",7pm,show-production
Pirates! The Penzance Musical,https://playbill.com/production/pirates-the-penzance-musical-broadway-todd-haimes-theatre-2025,https://assets.playbill.com/playbill-covers/_playbillListingTileCover/Pirates-The-Penzance-Musical-Playbill-2025-06-01_Web.jpg,Todd Haimes,Broadway,New York (US),Musical,Revival,Upcoming,0,June 24–29,"June 27, 2025",7pm,show-production
Pirates! The Penzance Musical,https://playbill.com/production/pirates-the-penzance-musical-broadway-todd-haimes-theatre-2025,https://assets.playbill.com/playbill-covers/_playbillListingTileCover/Pirates-The-Penzance-Musical-Playbill-2025-06-01_Web.jpg,Todd Haimes,Broadway,New York (US),Musical,Revival,Upcoming,0,June 24–29,"June 28, 2025",2pm,show-production
Pirates! The Penzance Musical,https://playbill.com/production/pirates-the-penzance-musical-broadway-todd-haimes-theatre-2025,https://assets.playbill.com/playbill-covers/_playbillListingTileCover/Pirates-The-Penzance-Musical-Playbill-2025-06-01_Web.jpg,Todd Haimes,Broadway,New York (US),Musical,Revival,Upcoming,0,June 24–29,"June 29, 2025",3pm,show-production
Purpose,https://playbill.com/production/purpose-broadway-helen-hayes-theatre-2025,https://assets.playbill.com/playbill-covers/_playbillListingTileCover/Purpose-Playbill-2025-06-01_Web.jpg,Helen Hayes,Broadway,New York (US),Play,Original,Upcoming,0,June 24–29,"June 24, 2025",7pm,show-production
Purpose,https://playbill.com/production/purpose-broadway-helen-hayes-theatre-2025,https://assets.playbill.com/playbill-covers/_playbillListingTileCover/Purpose-Playbill-2025-06-01_Web.jpg,Helen Hayes,Broadway,New York (US),Play,Original,Upcoming,0,June 24–29,"June 25, 2025",2pm,show-production
Purpose,https://playbill.com/production/purpose-broadway-helen-hayes-theatre-2025,https://assets.playbill.com/playbill-covers/_playbillListingTileCover/Purpose-Playbill-2025-06-01_Web.jpg,Helen Hayes,Broadway,New York (US),Play,Original,Upcoming,0,June 24–29,"June 26, 2025",7pm,show-production
Purpose,https://playbill.com/production/purpose-broadway-helen-hayes-theatre-2025,https://assets.playbill.com/playbill-covers/_playbillListingTileCover/Purpose-Playbill-2025-06-01_Web.jpg,Helen Hayes,Broadway,New York (US),Play,Original,Upcoming,0,June 24–29,"June 27, 2025",7pm,show-production
Purpose,https://playbill.com/production/purpose-broadway-helen-hayes-theatre-2025,https://assets.playbill.com/playbill-covers/_playbillListingTileCover/Purpose-Playbill-2025-06-01_Web.jpg,Helen Hayes,Broadway,New York (US),Play,Original,Upcoming,0,June 24–29,"June 28, 2025",2pm,show-production
Purpose,https://playbill.com/production/purpose-broadway-helen-hayes-theatre-2025,https://assets.playbill.com/playbill-covers/_playbillListingTileCover/Purpose-Playbill-2025-06-01_Web.jpg,Helen Hayes,Broadway,New York (US),Play,Original,Upcoming,0,June 24–29,"June 29, 2025",3pm,show-production
Real Women Have Curves,https://playbill.com/production/real-women-have-curves-broadway-james-earl-jones-theatre-2025,https://assets.playbill.com/playbill-covers/_playbillListingTileCover/Real-Women-Have-Curves-Playbill-2025-06-01_Web.jpg,James Earl Jones,Broadway,New York (US),Musical,Original,Upcoming,0,June 24–29,"June 24, 2025",7pm,show-production
Real Women Have Curves,https://playbill.com/production/real-women-have-curves-broadway-james-earl-jones-theatre-2025,https://assets.playbill.com/playbill-covers/_playbillListingTileCover/Real-Women-Have-Curves-Playbill-2025-06-01_Web.jpg,James Earl Jones,Broadway,New York (US),Musical,Original,Upcoming,0,June 24–29,"June 25, 2025",2pm,show-production
Real Women Have Curves,https://playbill.com/production/real-women-have-curves-broadway-james-earl-jones-theatre-2025,https://assets.playbill.com/playbill-covers/_playbillListingTileCover/Real-Women-Have-Curves-Playbill-2025-06-01_Web.jpg,James Earl Jones,Broadway,New York (US),Musical,Original,Upcoming,0,June 24–29,"June 26, 2025",7pm,show-production
Real Women Have Curves,https://playbill.com/production/real-women-have-curves-broadway-james-earl-jones-theatre-2025,https://assets.playbill.com/playbill-covers/_playbillListingTileCover/Real-Women-Have-Curves-Playbill-2025-06-01_Web.jpg,James Earl Jones,Broadway,New York (US),Musical,Original,Upcoming,0,June 24–29,"June 27, 2025",8pm,show-production
Real Women Have Curves,https://playbill.com/production/real-women-have-curves-broadway-james-earl-jones-theatre-2025,https://assets.playbill.com/playbill-covers/_playbillListingTileCover/Real-Women-Have-Curves-Playbill-2025-06-01_Web.jpg,James Earl Jones,Broadway,New York (US),Musical,Original,Upcoming,0,June 24–29,"June 28, 2025",2pm,show-production
Real Women Have Curves,https://playbill.com/production/real-women-have-curves-broadway-james-earl-jones-theatre-2025,https://assets.playbill.com/playbill-covers/_playbillListingTileCover/Real-Women-Have-Curves-Playbill-2025-06-01_Web.jpg,James Earl Jones,Broadway,New York (US),Musical,Original,Upcoming,0,June 24–29,"June 29, 2025",3pm,show-production
SIX: The Musical,https://playbill.com/production/six-the-musicallena-horne-theatre-2021-2022,https://assets.playbill.com/playbill-covers/_playbillListingTileCover/Six-Playbill-2025-06-01_Web.jpg,Lena Horne,Broadway,New York (US),Musical,One Act,Active,3,June 23–28,"June 23, 2025",7pm,show-production
SIX: The Musical,https://playbill.com/production/six-the-musicallena-horne-theatre-2021-2022,https://assets.playbill.com/playbill-covers/_playbillListingTileCover/Six-Playbill-2025-06-01_Web.jpg,Lena Horne,Broadway,New York (US),Musical,One Act,Active,3,June 23–28,"June 24, 2025",7pm,show-production
SIX: The Musical,https://playbill.com/production/six-the-musicallena-horne-theatre-2021-2022,https://assets.playbill.com/playbill-covers/_playbillListingTileCover/Six-Playbill-2025-06-01_Web.jpg,Lena Horne,Broadway,New York (US),Musical,One Act,Active,3,June 23–28,"June 25, 2025",2pm,show-production
SIX: The Musical,https://playbill.com/production/six-the-musicallena-horne-theatre-2021-2022,https://assets.playbill.com/playbill-covers/_playbillListingTileCover/Six-Playbill-2025-06-01_Web.jpg,Lena Horne,Broadway,New York (US),Musical,One Act,Active,3,June 23–28,"June 26, 2025",7pm,show-production
SIX: The Musical,https://playbill.com/production/six-the-musicallena-horne-theatre-2021-2022,https://assets.playbill.com/playbill-covers/_playbillListingTileCover/Six-Playbill-2025-06-01_Web.jpg,Lena Horne,Broadway,New York (US),Musical,One Act,Active,3,June 23–28,"June 27, 2025",7pm,show-production
SIX: The Musical,https://playbill.com/production/six-the-musicallena-horne-theatre-2021-2022,https://assets.playbill.com/playbill-covers/_playbillListingTileCover/Six-Playbill-2025-06-01_Web.jpg,Lena Horne,Broadway,New York (US),Musical,One Act,Active,3,June 23–28,"June 28, 2025",3pm,show-production
Stephen Sondheim's Old Friends,https://playbill.com/production/stephen-sondheims-old-friends-broadway-samuel-j-friedman-theatre-2025,https://assets.playbill.com/playbill-covers/_playbillListingTileCover/Stephen-Sondheims-Old-Friends-Playbill-2025-06-01_Web.jpg,Samuel J. Friedman,Broadway,New York (US),Musical Revue,Original,Upcoming,0,June 24–29,"June 24, 2025",7pm,show-production
Stephen Sondheim's Old Friends,https://playbill.com/production/stephen-sondheims-old-friends-broadway-samuel-j-friedman-theatre-2025,https://assets.playbill.com/playbill-covers/_playbillListingTileCover/Stephen-Sondheims-Old-Friends-Playbill-2025-06-01_Web.jpg,Samuel J. Friedman,Broadway,New York (US),Musical Revue,Original,Upcoming,0,June 24–29,"June 25, 2025",2pm,show-production
Stephen Sondheim's Old Friends,https://playbill.com/production/stephen-sondheims-old-friends-broadway-samuel-j-friedman-theatre-2025,https://assets.playbill.com/playbill-covers/_playbillListingTileCover/Stephen-Sondheims-Old-Friends-Playbill-2025-06-01_Web.jpg,Samuel J. Friedman,Broadway,New York (US),Musical Revue,Original,Upcoming,0,June 24–29,"June 26, 2025",7pm,show-production
Stephen Sondheim's Old Friends,https://playbill.com/production/stephen-sondheims-old-friends-broadway-samuel-j-friedman-theatre-2025,https://assets.playbill.com/playbill-covers/_playbillListingTileCover/Stephen-Sondheims-Old-Friends-Playbill-2025-06-01_Web.jpg,Samuel J. Friedman,Broadway,New York (US),Musical Revue,Original,Upcoming,0,June 24–29,"June 27, 2025",8pm,show-production
Stephen Sondheim's Old Friends,https://playbill.com/production/stephen-sondheims-old-friends-broadway-samuel-j-friedman-theatre-2025,https://assets.playbill.com/playbill-covers/_playbillListingTileCover/Stephen-Sondheims-Old-Friends-Playbill-2025-06-01_Web.jpg,Samuel J. Friedman,Broadway,New York (US),Musical Revue,Original,Upcoming,0,June 24–29,"June 28, 2025",2pm,show-production
Stephen Sondheim's Old Friends,https://playbill.com/production/stephen-sondheims-old-friends-broadway-samuel-j-friedman-theatre-2025,https://assets.playbill.com/playbill-covers/_playbillListingTileCover/Stephen-Sondheims-Old-Friends-Playbill-2025-06-01_Web.jpg,Samuel J. Friedman,Broadway,New York (US),Musical Revue,Original,Upcoming,0,June 24–29,"June 29, 2025",3pm,show-production
Stranger Things: The First Shadow,https://playbill.com/production/stranger-things-the-first-shadow-broadway-marquis-theatre-2025,https://assets.playbill.com/playbill-covers/_playbillListingTileCover/Stranger-Things-The-First-Shadow-Playbill-2025-06-01_Web.jpg,Marquis,Broadway,New York (US),Play,Original,Active,0,June 24–29,"June 24, 2025",7pm,show-production
Stranger Things: The First Shadow,https://playbill.com/production/stranger-things-the-first-shadow-broadway-marquis-theatre-2025,https://assets.playbill.com/playbill-covers/_playbillListingTileCover/Stranger-Things-The-First-Shadow-Playbill-2025-06-01_Web.jpg,Marquis,Broadway,New York (US),Play,Original,Active,0,June 24–29,"June 25, 2025",7pm,show-production
Stranger Things: The First Shadow,https://playbill.com/production/stranger-things-the-first-shadow-broadway-marquis-theatre-2025,https://assets.playbill.com/playbill-covers/_playbillListingTileCover/Stranger-Things-The-First-Shadow-Playbill-2025-06-01_Web.jpg,Marquis,Broadway,New York (US),Play,Original,Active,0,June 24–29,"June 26, 2025",7pm,show-production
Stranger Things: The First Shadow,https://playbill.com/production/stranger-things-the-first-shadow-broadway-marquis-theatre-2025,https://assets.playbill.com/playbill-covers/_playbillListingTileCover/Stranger-Things-The-First-Shadow-Playbill-2025-06-01_Web.jpg,Marquis,Broadway,New York (US),Play,Original,Active,0,June 24–29,"June 27, 2025",7pm,show-production
Stranger Things: The First Shadow,https://playbill.com/production/stranger-things-the-first-shadow-broadway-marquis-theatre-2025,https://assets.playbill.com/playbill-covers/_playbillListingTileCover/Stranger-Things-The-First-Shadow-Playbill-2025-06-01_Web.jpg,Marquis,Broadway,New York (US),Play,Original,Active,0,June 24–29,"June 28, 2025",1pm,show-production
Stranger Things: The First Shadow,https://playbill.com/production/stranger-things-the-first-shadow-broadway-marquis-theatre-2025,https://assets.playbill.com/playbill-covers/_playbillListingTileCover/Stranger-Things-The-First-Shadow-Playbill-2025-06-01_Web.jpg,Marquis,Broadway,New York (US),Play,Original,Active,0,June 24–29,"June 29, 2025",1pm,show-production
Sunset Boulevard,https://playbill.com/production/sunset-boulevard-broadway-st-james-theatre-2024,https://assets.playbill.com/playbill-covers/_playbillListingTileCover/Sunset-Boulevard-Playbill-2025-06-01_Web.jpg,St. James,Broadway,New York (US),Musical,Revival,Upcoming,0,June 24–29,"June 24, 2025",7pm,show-production
Sunset Boulevard,https://playbill.com/production/sunset-boulevard-broadway-st-james-theatre-2024,https://assets.playbill.com/playbill-covers/_playbillListingTileCover/Sunset-Boulevard-Playbill-2025-06-01_Web.jpg,St. James,Broadway,New York (US),Musical,Revival,Upcoming,0,June 24–29,"June 25, 2025",2pm,show-production
Sunset Boulevard,https://playbill.com/production/sunset-boulevard-broadway-st-james-theatre-2024,https://assets.playbill.com/playbill-covers/_playbillListingTileCover/Sunset-Boulevard-Playbill-2025-06-01_Web.jpg,St. James,Broadway,New York (US),Musical,Revival,Upcoming,0,June 24–29,"June 26, 2025",7pm,show-production
Sunset Boulevard,https://playbill.com/production/sunset-boulevard-broadway-st-james-theatre-2024,https://assets.playbill.com/playbill-covers/_playbillListingTileCover/Sunset-Boulevard-Playbill-2025-06-01_Web.jpg,St. James,Broadway,New York (US),Musical,Revival,Upcoming,0,June 24–29,"June 27, 2025",8pm,show-production
Sunset Boulevard,https://playbill.com/production/sunset-boulevard-broadway-st-james-theatre-2024,https://assets.playbill.com/playbill-covers/_playbillListingTileCover/Sunset-Boulevard-Playbill-2025-06-01_Web.jpg,St. James,Broadway,New York (US),Musical,Revival,Upcoming,0,June 24–29,"June 28, 2025",2pm,show-production
Sunset Boulevard,https://playbill.com/production/sunset-boulevard-broadway-st-james-theatre-2024,https://assets.playbill.com/playbill-covers/_playbillListingTileCover/Sunset-Boulevard-Playbill-2025-06-01_Web.jpg,St. James,Broadway,New York (US),Musical,Revival,Upcoming,0,June 24–29,"June 29, 2025",3pm,show-production
The Book of Mormon,https://playbill.com/production/the-book-of-mormon-eugene-oneill-theatre-vault-0000013715,https://assets.playbill.com/playbill-covers/_playbillListingTileCover/The-Book-Of-Mormon-Playbill-2023-06-01_Web.jpg,Eugene O'Neill,Broadway,New York (US),Musical,Original,Active,14,June 24–29,"June 24, 2025",7pm,show-production
The Book of Mormon,https://playbill.com/production/the-book-of-mormon-eugene-oneill-theatre-vault-0000013715,https://assets.playbill.com/playbill-covers/_playbillListingTileCover/The-Book-Of-Mormon-Playbill-2023-06-01_Web.jpg,Eugene O'Neill,Broadway,New York (US),Musical,Original,Active,14,June 24–29,"June 25, 2025",7pm,show-production
The Book of Mormon,https://playbill.com/production/the-book-of-mormon-eugene-oneill-theatre-vault-0000013715,https://assets.playbill.com/playbill-covers/_playbillListingTileCover/The-Book-Of-Mormon-Playbill-2023-06-01_Web.jpg,Eugene O'Neill,Broadway,New York (US),Musical,Original,Active,14,June 24–29,"June 26, 2025",7pm,show-production
The Book of Mormon,https://playbill.com/production/the-book-of-mormon-eugene-oneill-theatre-vault-0000013715,https://assets.playbill.com/playbill-covers/_playbillListingTileCover/The-Book-Of-Mormon-Playbill-2023-06-01_Web.jpg,Eugene O'Neill,Broadway,New York (US),Musical,Original,Active,14,June 24–29,"June 27, 2025",7pm,show-production
The Book of Mormon,https://playbill.com/production/the-book-of-mormon-eugene-oneill-theatre-vault-0000013715,https://assets.playbill.com/playbill-covers/_playbillListingTileCover/The-Book-Of-Mormon-Playbill-2023-06-01_Web.jpg,Eugene O'Neill,Broadway,New York (US),Musical,Original,Active,14,June 24–29,"June 28, 2025",2pm,show-production
The Book of Mormon,https://playbill.com/production/the-book-of-mormon-eugene-oneill-theatre-vault-0000013715,https://assets.playbill.com/playbill-covers/_playbillListingTileCover/The-Book-Of-Mormon-Playbill-2023-06-01_Web.jpg,Eugene O'Neill,Broadway,New York (US),Musical,Original,Active,14,June 24–29,"June 29, 2025",2pm,show-production
The Great Gatsby,https://playbill.com/production/the-great-gatsby-broadway-broadway-theatre-2024,https://assets.playbill.com/playbill-covers/_playbillListingTileCover/The-Great-Gatsby-Playbill-2025-06-01_Web.jpg,Broadway,Broadway,New York (US),Musical,Original,Active,1,June 23–29,"June 23, 2025",7pm,show-production
The Great Gatsby,https://playbill.com/production/the-great-gatsby-broadway-broadway-theatre-2024,https://assets.playbill.com/playbill-covers/_playbillListingTileCover/The-Great-Gatsby-Playbill-2025-06-01_Web.jpg,Broadway,Broadway,New York (US),Musical,Original,Active,1,June 23–29,"June 25, 2025",7pm,show-production
The Great Gatsby,https://playbill.com/production/the-great-gatsby-broadway-broadway-theatre-2024,https://assets.playbill.com/playbill-covers/_playbillListingTileCover/The-Great-Gatsby-Playbill-2025-06-01_Web.jpg,Broadway,Broadway,New York (US),Musical,Original,Active,1,June 23–29,"June 26, 2025",2pm,show-production
The Great Gatsby,https://playbill.com/production/the-great-gatsby-broadway-broadway-theatre-2024,https://assets.playbill.com/playbill-covers/_playbillListingTileCover/The-Great-Gatsby-Playbill-2025-06-01_Web.jpg,Broadway,Broadway,New York (US),Musical,Original,Active,1,June 23–29,"June 27, 2025",7pm,show-production
The Great Gatsby,https://playbill.com/production/the-great-gatsby-broadway-broadway-theatre-2024,https://assets.playbill.com/playbill-covers/_playbillListingTileCover/The-Great-Gatsby-Playbill-2025-06-01_Web.jpg,Broadway,Broadway,New York (US),Musical,Original,Active,1,June 23–29,"June 28, 2025",2pm,show-production
The Great Gatsby,https://playbill.com/production/the-great-gatsby-broadway-broadway-theatre-2024,https://assets.playbill.com/playbill-covers/_playbillListingTileCover/The-Great-Gatsby-Playbill-2025-06-01_Web.jpg,Broadway,Broadway,New York (US),Musical,Original,Active,1,June 23–29,"June 29, 2025",3pm,show-production
The Lion King,https://playbill.com/production/the-lion-king-new-amsterdam-theatre-vault-0000008729,https://assets.playbill.com/playbill-covers/_playbillListingTileCover/The-Lion-King-Playbill-2025-06-01_Web.jpg,Minskoff,Broadway,New York (US),Musical,Original,Active,27,June 24–29,"June 24, 2025",7pm,show-production
The Lion King,https://playbill.com/production/the-lion-king-new-amsterdam-theatre-vault-0000008729,https://assets.playbill.com/playbill-covers/_playbillListingTileCover/The-Lion-King-Playbill-2025-06-01_Web.jpg,Minskoff,Broadway,New York (US),Musical,Original,Active,27,June 24–29,"June 25, 2025",2pm,show-production
The Lion King,https://playbill.com/production/the-lion-king-new-amsterdam-theatre-vault-0000008729,https://assets.playbill.com/playbill-covers/_playbillListingTileCover/The-Lion-King-Playbill-2025-06-01_Web.jpg,Minskoff,Broadway,New York (US),Musical,Original,Active,27,June 24–29,"June 26, 2025",7pm,show-production
The Lion King,https://playbill.com/production/the-lion-king-new-amsterdam-theatre-vault-0000008729,https://assets.playbill.com/playbill-covers/_playbillListingTileCover/The-Lion-King-Playbill-2025-06-01_Web.jpg,Minskoff,Broadway,New York (US),Musical,Original,Active,27,June 24–29,"June 27, 2025",7pm,show-production
The Lion King,https://playbill.com/production/the-lion-king-new-amsterdam-theatre-vault-0000008729,https://assets.playbill.com/playbill-covers/_playbillListingTileCover/The-Lion-King-Playbill-2025-06-01_Web.jpg,Minskoff,Broadway,New York (US),Musical,Original,Active,27,June 24–29,"June 28, 2025",2pm,show-production
The Lion King,https://playbill.com/production/the-lion-king-new-amsterdam-theatre-vault-0000008729,https://assets.playbill.com/playbill-covers/_playbillListingTileCover/The-Lion-King-Playbill-2025-06-01_Web.jpg,Minskoff,Broadway,New York (US),Musical,Original,Active,27,June 24–29,"June 29, 2025",3pm,show-production
The Outsiders,https://playbill.com/production/the-outsiders-broadway-bernard-b-jacobs-theatre-2024,https://assets.playbill.com/playbill-covers/_playbillListingTileCover/The-Outsiders-Playbill-2024-06-01_Web.jpg,Bernard B. Jacobs,Broadway,New York (US),Musical,Original,Active,1,June 24–29,"June 24, 2025",7pm,show-production
The Outsiders,https://playbill.com/production/the-outsiders-broadway-bernard-b-jacobs-theatre-2024,https://assets.playbill.com/playbill-covers/_playbillListingTileCover/The-Outsiders-Playbill-2024-06-01_Web.jpg,Bernard B. Jacobs,Broadway,New York (US),Musical,Original,Active,1,June 24–29,"June 25, 2025",2pm,show-production
The Outsiders,https://playbill.com/production/the-outsiders-broadway-bernard-b-jacobs-theatre-2024,https://assets.playbill.com/playbill-covers/_playbillListingTileCover/The-Outsiders-Playbill-2024-06-01_Web.jpg,Bernard B. Jacobs,Broadway,New York (US),Musical,Original,Active,1,June 24–29,"June 26, 2025",7pm,show-production
The Outsiders,https://playbill.com/production/the-outsiders-broadway-bernard-b-jacobs-theatre-2024,https://assets.playbill.com/playbill-covers/_playbillListingTileCover/The-Outsiders-Playbill-2024-06-01_Web.jpg,Bernard B. Jacobs,Broadway,New York (US),Musical,Original,Active,1,June 24–29,"June 27, 2025",7pm,show-production
The Outsiders,https://playbill.com/production/the-outsiders-broadway-bernard-b-jacobs-theatre-2024,https://assets.playbill.com/playbill-covers/_playbillListingTileCover/The-Outsiders-Playbill-2024-06-01_Web.jpg,Bernard B. Jacobs,Broadway,New York (US),Musical,Original,Active,1,June 24–29,"June 28, 2025",2pm,show-production
The Outsiders,https://playbill.com/production/the-outsiders-broadway-bernard-b-jacobs-theatre-2024,https://assets.playbill.com/playbill-covers/_playbillListingTileCover/The-Outsiders-Playbill-2024-06-01_Web.jpg,Bernard B. Jacobs,Broadway,New York (US),Musical,Original,Active,1,June 24–29,"June 29, 2025",3pm,show-production
The Picture of Dorian Gray,https://playbill.com/production/the-picture-of-dorian-gray-broadway-music-box-theatre-2025,https://assets.playbill.com/playbill-covers/_playbillListingTileCover/The-Picture-Of-Dorian-Gray-Playbill-2025-06-01_Web.jpg,Music Box,Broadway,New York (US),Solo,Play,Upcoming,0,June 24–29,"June 24, 2025",7pm,show-production
The Picture of Dorian Gray,https://playbill.com/production/the-picture-of-dorian-gray-broadway-music-box-theatre-2025,https://assets.playbill.com/playbill-covers/_playbillListingTileCover/The-Picture-Of-Dorian-Gray-Playbill-2025-06-01_Web.jpg,Music Box,Broadway,New York (US),Solo,Play,Upcoming,0,June 24–29,"June 25, 2025",2pm,show-production
The Picture of Dorian Gray,https://playbill.com/production/the-picture-of-dorian-gray-broadway-music-box-theatre-2025,https://assets.playbill.com/playbill-covers/_playbillListingTileCover/The-Picture-Of-Dorian-Gray-Playbill-2025-06-01_Web.jpg,Music Box,Broadway,New York (US),Solo,Play,Upcoming,0,June 24–29,"June 26, 2025",7pm,show-production
The Picture of Dorian Gray,https://playbill.com/production/the-picture-of-dorian-gray-broadway-music-box-theatre-2025,https://assets.playbill.com/playbill-covers/_playbillListingTileCover/The-Picture-Of-Dorian-Gray-Playbill-2025-06-01_Web.jpg,Music Box,Broadway,New York (US),Solo,Play,Upcoming,0,June 24–29,"June 27, 2025",7pm,show-production
The Picture of Dorian Gray,https://playbill.com/production/the-picture-of-dorian-gray-broadway-music-box-theatre-2025,https://assets.playbill.com/playbill-covers/_playbillListingTileCover/The-Picture-Of-Dorian-Gray-Playbill-2025-06-01_Web.jpg,Music Box,Broadway,New York (US),Solo,Play,Upcoming,0,June 24–29,"June 28, 2025",2pm,show-production
The Picture of Dorian Gray,https://playbill.com/production/the-picture-of-dorian-gray-broadway-music-box-theatre-2025,https://assets.playbill.com/playbill-covers/_playbillListingTileCover/The-Picture-Of-Dorian-Gray-Playbill-2025-06-01_Web.jpg,Music Box,Broadway,New York (US),Solo,Play,Upcoming,0,June 24–29,"June 29, 2025",3pm,show-production
Wicked,https://playbill.com/production/wicked-broadway-gershwin-theatre-2003,https://assets.playbill.com/playbill-covers/_playbillListingTileCover/Wicked-Playbill-2023-06-01_Web.jpg,Gershwin,Broadway,New York (US),Musical,Original,Active,21,June 24–29,"June 24, 2025",7pm,show-production
Wicked,https://playbill.com/production/wicked-broadway-gershwin-theatre-2003,https://assets.playbill.com/playbill-covers/_playbillListingTileCover/Wicked-Playbill-2023-06-01_Web.jpg,Gershwin,Broadway,New York (US),Musical,Original,Active,21,June 24–29,"June 25, 2025",2pm,show-production
Wicked,https://playbill.com/production/wicked-broadway-gershwin-theatre-2003,https://assets.playbill.com/playbill-covers/_playbillListingTileCover/Wicked-Playbill-2023-06-01_Web.jpg,Gershwin,Broadway,New York (US),Musical,Original,Active,21,June 24–29,"June 26, 2025",7pm,show-production
Wicked,https://playbill.com/production/wicked-broadway-gershwin-theatre-2003,https://assets.playbill.com/playbill-covers/_playbillListingTileCover/Wicked-Playbill-2023-06-01_Web.jpg,Gershwin,Broadway,New York (US),Musical,Original,Active,21,June 24–29,"June 27, 2025",7pm,show-production
Wicked,https://playbill.com/production/wicked-broadway-gershwin-theatre-2003,https://assets.playbill.com/playbill-covers/_playbillListingTileCover/Wicked-Playbill-2023-06-01_Web.jpg,Gershwin,Broadway,New York (US),Musical,Original,Active,21,June 24–29,"June 28, 2025",2pm,show-production
Wicked,https://playbill.com/production/wicked-broadway-gershwin-theatre-2003,https://assets.playbill.com/playbill-covers/_playbillListingTileCover/Wicked-Playbill-2023-06-01_Web.jpg,Gershwin,Broadway,New York (US),Musical,Original,Active,21,June 24–29,"June 29, 2025",3pm,show-production
