title,event_url,image_url,status,production_type,date_time,origin,market_presence,age_of_production
Pete and Me: A Comedy Show About Autism & Family,https://ci.ovationtix.com/35583/production/1237116,https://web.ovationtix.com/trs/api/rest/ClientFile(569892),upcoming,N/A,15 July 2025 - 7:00 pm,N/A,N/A,N/A
Pete and Me: A Comedy Show About Autism & Family,https://ci.ovationtix.com/35583/production/1237116,https://web.ovationtix.com/trs/api/rest/ClientFile(569892),upcoming,N/A,16 July 2025 - 7:00 pm,N/A,N/A,N/A
Pete and Me: A Comedy Show About Autism & Family,https://ci.ovationtix.com/35583/production/1237116,https://web.ovationtix.com/trs/api/rest/ClientFile(569892),upcoming,N/A,17 July 2025 - 7:00 pm,N/A,N/A,N/A
Pete and Me: A Comedy Show About Autism & Family,https://ci.ovationtix.com/35583/production/1237116,https://web.ovationtix.com/trs/api/rest/ClientFile(569892),upcoming,N/A,18 July 2025 - 7:00 pm,N/A,N/A,N/A
Pete and Me: A Comedy Show About Autism & Family,https://ci.ovationtix.com/35583/production/1237116,https://web.ovationtix.com/trs/api/rest/ClientFile(569892),upcoming,N/A,20 July 2025 - 5:00 pm,N/A,N/A,N/A
Pete and Me: A Comedy Show About Autism & Family,https://ci.ovationtix.com/35583/production/1237116,https://web.ovationtix.com/trs/api/rest/ClientFile(569892),upcoming,N/A,22 July 2025 - 7:00 pm,N/A,N/A,N/A
Pete and Me: A Comedy Show About Autism & Family,https://ci.ovationtix.com/35583/production/1237116,https://web.ovationtix.com/trs/api/rest/ClientFile(569892),upcoming,N/A,23 July 2025 - 7:00 pm,N/A,N/A,N/A
Pete and Me: A Comedy Show About Autism & Family,https://ci.ovationtix.com/35583/production/1237116,https://web.ovationtix.com/trs/api/rest/ClientFile(569892),upcoming,N/A,24 July 2025 - 7:00 pm,N/A,N/A,N/A
Pete and Me: A Comedy Show About Autism & Family,https://ci.ovationtix.com/35583/production/1237116,https://web.ovationtix.com/trs/api/rest/ClientFile(569892),upcoming,N/A,25 July 2025 - 7:00 pm,N/A,N/A,N/A
Pete and Me: A Comedy Show About Autism & Family,https://ci.ovationtix.com/35583/production/1237116,https://web.ovationtix.com/trs/api/rest/ClientFile(569892),upcoming,N/A,26 July 2025 - 7:00 pm,N/A,N/A,N/A
Pete and Me: A Comedy Show About Autism & Family,https://ci.ovationtix.com/35583/production/1237116,https://web.ovationtix.com/trs/api/rest/ClientFile(569892),upcoming,N/A,27 July 2025 - 5:00 pm,N/A,N/A,N/A
Pete and Me: A Comedy Show About Autism & Family,https://ci.ovationtix.com/35583/production/1237116,https://web.ovationtix.com/trs/api/rest/ClientFile(569892),upcoming,N/A,30 July 2025 - 7:00 pm,N/A,N/A,N/A
Pete and Me: A Comedy Show About Autism & Family,https://ci.ovationtix.com/35583/production/1237116,https://web.ovationtix.com/trs/api/rest/ClientFile(569892),upcoming,N/A,31 July 2025 - 7:00 pm,N/A,N/A,N/A
Pete and Me: A Comedy Show About Autism & Family,https://ci.ovationtix.com/35583/production/1237116,https://web.ovationtix.com/trs/api/rest/ClientFile(569892),upcoming,N/A,1 August 2025 - 7:00 pm,N/A,N/A,N/A
Pete and Me: A Comedy Show About Autism & Family,https://ci.ovationtix.com/35583/production/1237116,https://web.ovationtix.com/trs/api/rest/ClientFile(569892),upcoming,N/A,2 August 2025 - 7:00 pm,N/A,N/A,N/A
Pete and Me: A Comedy Show About Autism & Family,https://ci.ovationtix.com/35583/production/1237116,https://web.ovationtix.com/trs/api/rest/ClientFile(569892),upcoming,N/A,3 August 2025 - 5:00 pm,N/A,N/A,N/A
The Lighthouse Series: Group C,https://ci.ovationtix.com/35583/production/1158586,https://web.ovationtix.com/trs/api/rest/ClientFile(480437),upcoming,N/A,17 July 2025 - 7:00 pm,N/A,N/A,N/A
The Lighthouse Series: Group C,https://ci.ovationtix.com/35583/production/1158586,https://web.ovationtix.com/trs/api/rest/ClientFile(480437),upcoming,N/A,18 July 2025 - 7:00 pm,N/A,N/A,N/A
The Lighthouse Series: Group C,https://ci.ovationtix.com/35583/production/1158586,https://web.ovationtix.com/trs/api/rest/ClientFile(480437),upcoming,N/A,19 July 2025 - 7:00 pm,N/A,N/A,N/A
The Lighthouse Series: Group C,https://ci.ovationtix.com/35583/production/1158586,https://web.ovationtix.com/trs/api/rest/ClientFile(480437),upcoming,N/A,20 July 2025 - 5:00 pm,N/A,N/A,N/A
Wild Card: A Choose Your Own Adventure Comedy,https://ci.ovationtix.com/35583/production/1245660,https://web.ovationtix.com/trs/api/rest/ClientFile(578834),upcoming,N/A,17 July 2025 - 9:00 pm,N/A,N/A,N/A
Wild Card: A Choose Your Own Adventure Comedy,https://ci.ovationtix.com/35583/production/1245660,https://web.ovationtix.com/trs/api/rest/ClientFile(578834),upcoming,N/A,19 July 2025 - 9:00 pm,N/A,N/A,N/A
Wild Card: A Choose Your Own Adventure Comedy,https://ci.ovationtix.com/35583/production/1245660,https://web.ovationtix.com/trs/api/rest/ClientFile(578834),upcoming,N/A,23 July 2025 - 9:00 pm,N/A,N/A,N/A
Wild Card: A Choose Your Own Adventure Comedy,https://ci.ovationtix.com/35583/production/1245660,https://web.ovationtix.com/trs/api/rest/ClientFile(578834),upcoming,N/A,24 July 2025 - 9:00 pm,N/A,N/A,N/A
Make It Scarier: Horror Reading & Release Party,https://ci.ovationtix.com/35583/production/1244558,https://web.ovationtix.com/trs/api/rest/ClientFile(577513),upcoming,N/A,18 July 2025 - 9:00 pm,N/A,N/A,N/A
Not Family Game Night,https://ci.ovationtix.com/35583/production/1209316,https://web.ovationtix.com/trs/api/rest/ClientFile(543387),upcoming,N/A,19 July 2025 - 7:00 pm,N/A,N/A,N/A
Morgan Bassichis: Can I Be Frank?,https://ci.ovationtix.com/35583/production/1243249,https://web.ovationtix.com/trs/api/rest/ClientFile(575874),upcoming,N/A,24 July 2025 - 7:00 pm,N/A,N/A,N/A
Morgan Bassichis: Can I Be Frank?,https://ci.ovationtix.com/35583/production/1243249,https://web.ovationtix.com/trs/api/rest/ClientFile(575874),upcoming,N/A,25 July 2025 - 7:00 pm,N/A,N/A,N/A
Morgan Bassichis: Can I Be Frank?,https://ci.ovationtix.com/35583/production/1243249,https://web.ovationtix.com/trs/api/rest/ClientFile(575874),upcoming,N/A,26 July 2025 - 5:00 pm,N/A,N/A,N/A
Morgan Bassichis: Can I Be Frank?,https://ci.ovationtix.com/35583/production/1243249,https://web.ovationtix.com/trs/api/rest/ClientFile(575874),upcoming,N/A,26 July 2025 - 8:00 pm,N/A,N/A,N/A
Morgan Bassichis: Can I Be Frank?,https://ci.ovationtix.com/35583/production/1243249,https://web.ovationtix.com/trs/api/rest/ClientFile(575874),upcoming,N/A,28 July 2025 - 7:00 pm,N/A,N/A,N/A
Morgan Bassichis: Can I Be Frank?,https://ci.ovationtix.com/35583/production/1243249,https://web.ovationtix.com/trs/api/rest/ClientFile(575874),upcoming,N/A,29 July 2025 - 7:00 pm,N/A,N/A,N/A
Morgan Bassichis: Can I Be Frank?,https://ci.ovationtix.com/35583/production/1243249,https://web.ovationtix.com/trs/api/rest/ClientFile(575874),upcoming,N/A,30 July 2025 - 7:00 pm,N/A,N/A,N/A
Morgan Bassichis: Can I Be Frank?,https://ci.ovationtix.com/35583/production/1243249,https://web.ovationtix.com/trs/api/rest/ClientFile(575874),upcoming,N/A,31 July 2025 - 7:00 pm,N/A,N/A,N/A
Morgan Bassichis: Can I Be Frank?,https://ci.ovationtix.com/35583/production/1243249,https://web.ovationtix.com/trs/api/rest/ClientFile(575874),upcoming,N/A,1 August 2025 - 7:00 pm,N/A,N/A,N/A
Morgan Bassichis: Can I Be Frank?,https://ci.ovationtix.com/35583/production/1243249,https://web.ovationtix.com/trs/api/rest/ClientFile(575874),upcoming,N/A,2 August 2025 - 5:00 pm,N/A,N/A,N/A
Morgan Bassichis: Can I Be Frank?,https://ci.ovationtix.com/35583/production/1243249,https://web.ovationtix.com/trs/api/rest/ClientFile(575874),upcoming,N/A,2 August 2025 - 8:00 pm,N/A,N/A,N/A
Morgan Bassichis: Can I Be Frank?,https://ci.ovationtix.com/35583/production/1243249,https://web.ovationtix.com/trs/api/rest/ClientFile(575874),upcoming,N/A,4 August 2025 - 7:00 pm,N/A,N/A,N/A
Morgan Bassichis: Can I Be Frank?,https://ci.ovationtix.com/35583/production/1243249,https://web.ovationtix.com/trs/api/rest/ClientFile(575874),upcoming,N/A,5 August 2025 - 7:00 pm,N/A,N/A,N/A
Morgan Bassichis: Can I Be Frank?,https://ci.ovationtix.com/35583/production/1243249,https://web.ovationtix.com/trs/api/rest/ClientFile(575874),upcoming,N/A,6 August 2025 - 7:00 pm,N/A,N/A,N/A
Morgan Bassichis: Can I Be Frank?,https://ci.ovationtix.com/35583/production/1243249,https://web.ovationtix.com/trs/api/rest/ClientFile(575874),upcoming,N/A,7 August 2025 - 7:00 pm,N/A,N/A,N/A
Morgan Bassichis: Can I Be Frank?,https://ci.ovationtix.com/35583/production/1243249,https://web.ovationtix.com/trs/api/rest/ClientFile(575874),upcoming,N/A,8 August 2025 - 7:00 pm,N/A,N/A,N/A
Morgan Bassichis: Can I Be Frank?,https://ci.ovationtix.com/35583/production/1243249,https://web.ovationtix.com/trs/api/rest/ClientFile(575874),upcoming,N/A,9 August 2025 - 5:00 pm,N/A,N/A,N/A
Morgan Bassichis: Can I Be Frank?,https://ci.ovationtix.com/35583/production/1243249,https://web.ovationtix.com/trs/api/rest/ClientFile(575874),upcoming,N/A,9 August 2025 - 8:00 pm,N/A,N/A,N/A
Morgan Bassichis: Can I Be Frank?,https://ci.ovationtix.com/35583/production/1243249,https://web.ovationtix.com/trs/api/rest/ClientFile(575874),upcoming,N/A,11 August 2025 - 7:00 pm,N/A,N/A,N/A
Morgan Bassichis: Can I Be Frank?,https://ci.ovationtix.com/35583/production/1243249,https://web.ovationtix.com/trs/api/rest/ClientFile(575874),upcoming,N/A,12 August 2025 - 7:00 pm,N/A,N/A,N/A
Morgan Bassichis: Can I Be Frank?,https://ci.ovationtix.com/35583/production/1243249,https://web.ovationtix.com/trs/api/rest/ClientFile(575874),upcoming,N/A,13 August 2025 - 7:00 pm,N/A,N/A,N/A
Morgan Bassichis: Can I Be Frank?,https://ci.ovationtix.com/35583/production/1243249,https://web.ovationtix.com/trs/api/rest/ClientFile(575874),upcoming,N/A,14 August 2025 - 7:00 pm,N/A,N/A,N/A
Morgan Bassichis: Can I Be Frank?,https://ci.ovationtix.com/35583/production/1243249,https://web.ovationtix.com/trs/api/rest/ClientFile(575874),upcoming,N/A,15 August 2025 - 7:00 pm,N/A,N/A,N/A
Morgan Bassichis: Can I Be Frank?,https://ci.ovationtix.com/35583/production/1243249,https://web.ovationtix.com/trs/api/rest/ClientFile(575874),upcoming,N/A,16 August 2025 - 5:00 pm,N/A,N/A,N/A
Morgan Bassichis: Can I Be Frank?,https://ci.ovationtix.com/35583/production/1243249,https://web.ovationtix.com/trs/api/rest/ClientFile(575874),upcoming,N/A,16 August 2025 - 8:00 pm,N/A,N/A,N/A
Morgan Bassichis: Can I Be Frank?,https://ci.ovationtix.com/35583/production/1243249,https://web.ovationtix.com/trs/api/rest/ClientFile(575874),upcoming,N/A,18 August 2025 - 7:00 pm,N/A,N/A,N/A
Morgan Bassichis: Can I Be Frank?,https://ci.ovationtix.com/35583/production/1243249,https://web.ovationtix.com/trs/api/rest/ClientFile(575874),upcoming,N/A,19 August 2025 - 7:00 pm,N/A,N/A,N/A
Morgan Bassichis: Can I Be Frank?,https://ci.ovationtix.com/35583/production/1243249,https://web.ovationtix.com/trs/api/rest/ClientFile(575874),upcoming,N/A,20 August 2025 - 7:00 pm,N/A,N/A,N/A
Morgan Bassichis: Can I Be Frank?,https://ci.ovationtix.com/35583/production/1243249,https://web.ovationtix.com/trs/api/rest/ClientFile(575874),upcoming,N/A,21 August 2025 - 7:00 pm,N/A,N/A,N/A
Morgan Bassichis: Can I Be Frank?,https://ci.ovationtix.com/35583/production/1243249,https://web.ovationtix.com/trs/api/rest/ClientFile(575874),upcoming,N/A,22 August 2025 - 7:00 pm,N/A,N/A,N/A
Morgan Bassichis: Can I Be Frank?,https://ci.ovationtix.com/35583/production/1243249,https://web.ovationtix.com/trs/api/rest/ClientFile(575874),upcoming,N/A,23 August 2025 - 5:00 pm,N/A,N/A,N/A
Morgan Bassichis: Can I Be Frank?,https://ci.ovationtix.com/35583/production/1243249,https://web.ovationtix.com/trs/api/rest/ClientFile(575874),upcoming,N/A,23 August 2025 - 8:00 pm,N/A,N/A,N/A
Morgan Bassichis: Can I Be Frank?,https://ci.ovationtix.com/35583/production/1243249,https://web.ovationtix.com/trs/api/rest/ClientFile(575874),upcoming,N/A,25 August 2025 - 7:00 pm,N/A,N/A,N/A
Morgan Bassichis: Can I Be Frank?,https://ci.ovationtix.com/35583/production/1243249,https://web.ovationtix.com/trs/api/rest/ClientFile(575874),upcoming,N/A,26 August 2025 - 7:00 pm,N/A,N/A,N/A
Morgan Bassichis: Can I Be Frank?,https://ci.ovationtix.com/35583/production/1243249,https://web.ovationtix.com/trs/api/rest/ClientFile(575874),upcoming,N/A,27 August 2025 - 7:00 pm,N/A,N/A,N/A
Morgan Bassichis: Can I Be Frank?,https://ci.ovationtix.com/35583/production/1243249,https://web.ovationtix.com/trs/api/rest/ClientFile(575874),upcoming,N/A,28 August 2025 - 7:00 pm,N/A,N/A,N/A
Morgan Bassichis: Can I Be Frank?,https://ci.ovationtix.com/35583/production/1243249,https://web.ovationtix.com/trs/api/rest/ClientFile(575874),upcoming,N/A,29 August 2025 - 7:00 pm,N/A,N/A,N/A
Morgan Bassichis: Can I Be Frank?,https://ci.ovationtix.com/35583/production/1243249,https://web.ovationtix.com/trs/api/rest/ClientFile(575874),upcoming,N/A,30 August 2025 - 5:00 pm,N/A,N/A,N/A
Morgan Bassichis: Can I Be Frank?,https://ci.ovationtix.com/35583/production/1243249,https://web.ovationtix.com/trs/api/rest/ClientFile(575874),upcoming,N/A,30 August 2025 - 8:00 pm,N/A,N/A,N/A
Morgan Bassichis: Can I Be Frank?,https://ci.ovationtix.com/35583/production/1243249,https://web.ovationtix.com/trs/api/rest/ClientFile(575874),upcoming,N/A,31 August 2025 - 5:00 pm,N/A,N/A,N/A
Morgan Bassichis: Can I Be Frank?,https://ci.ovationtix.com/35583/production/1243249,https://web.ovationtix.com/trs/api/rest/ClientFile(575874),upcoming,N/A,2 September 2025 - 7:00 pm,N/A,N/A,N/A
Morgan Bassichis: Can I Be Frank?,https://ci.ovationtix.com/35583/production/1243249,https://web.ovationtix.com/trs/api/rest/ClientFile(575874),upcoming,N/A,3 September 2025 - 7:00 pm,N/A,N/A,N/A
Morgan Bassichis: Can I Be Frank?,https://ci.ovationtix.com/35583/production/1243249,https://web.ovationtix.com/trs/api/rest/ClientFile(575874),upcoming,N/A,4 September 2025 - 7:00 pm,N/A,N/A,N/A
Morgan Bassichis: Can I Be Frank?,https://ci.ovationtix.com/35583/production/1243249,https://web.ovationtix.com/trs/api/rest/ClientFile(575874),upcoming,N/A,5 September 2025 - 7:00 pm,N/A,N/A,N/A
Morgan Bassichis: Can I Be Frank?,https://ci.ovationtix.com/35583/production/1243249,https://web.ovationtix.com/trs/api/rest/ClientFile(575874),upcoming,N/A,6 September 2025 - 5:00 pm,N/A,N/A,N/A
Morgan Bassichis: Can I Be Frank?,https://ci.ovationtix.com/35583/production/1243249,https://web.ovationtix.com/trs/api/rest/ClientFile(575874),upcoming,N/A,6 September 2025 - 8:00 pm,N/A,N/A,N/A
Morgan Bassichis: Can I Be Frank?,https://ci.ovationtix.com/35583/production/1243249,https://web.ovationtix.com/trs/api/rest/ClientFile(575874),upcoming,N/A,8 September 2025 - 7:00 pm,N/A,N/A,N/A
Morgan Bassichis: Can I Be Frank?,https://ci.ovationtix.com/35583/production/1243249,https://web.ovationtix.com/trs/api/rest/ClientFile(575874),upcoming,N/A,9 September 2025 - 7:00 pm,N/A,N/A,N/A
Morgan Bassichis: Can I Be Frank?,https://ci.ovationtix.com/35583/production/1243249,https://web.ovationtix.com/trs/api/rest/ClientFile(575874),upcoming,N/A,10 September 2025 - 7:00 pm,N/A,N/A,N/A
Morgan Bassichis: Can I Be Frank?,https://ci.ovationtix.com/35583/production/1243249,https://web.ovationtix.com/trs/api/rest/ClientFile(575874),upcoming,N/A,11 September 2025 - 7:00 pm,N/A,N/A,N/A
Morgan Bassichis: Can I Be Frank?,https://ci.ovationtix.com/35583/production/1243249,https://web.ovationtix.com/trs/api/rest/ClientFile(575874),upcoming,N/A,12 September 2025 - 7:00 pm,N/A,N/A,N/A
Morgan Bassichis: Can I Be Frank?,https://ci.ovationtix.com/35583/production/1243249,https://web.ovationtix.com/trs/api/rest/ClientFile(575874),upcoming,N/A,13 September 2025 - 5:00 pm,N/A,N/A,N/A
Morgan Bassichis: Can I Be Frank?,https://ci.ovationtix.com/35583/production/1243249,https://web.ovationtix.com/trs/api/rest/ClientFile(575874),upcoming,N/A,13 September 2025 - 8:00 pm,N/A,N/A,N/A
The Zack & Ro Show,https://ci.ovationtix.com/35583/production/1218897,https://web.ovationtix.com/trs/api/rest/ClientFile(580037),upcoming,N/A,25 July 2025 - 9:00 pm,N/A,N/A,N/A
Bill Posley's The Day I Accidentally Went to War,https://ci.ovationtix.com/35583/production/1218896,https://web.ovationtix.com/trs/api/rest/ClientFile(577065),upcoming,N/A,6 August 2025 - 7:00 pm,N/A,N/A,N/A
Bill Posley's The Day I Accidentally Went to War,https://ci.ovationtix.com/35583/production/1218896,https://web.ovationtix.com/trs/api/rest/ClientFile(577065),upcoming,N/A,7 August 2025 - 7:00 pm,N/A,N/A,N/A
Bill Posley's The Day I Accidentally Went to War,https://ci.ovationtix.com/35583/production/1218896,https://web.ovationtix.com/trs/api/rest/ClientFile(577065),upcoming,N/A,8 August 2025 - 7:00 pm,N/A,N/A,N/A
Bill Posley's The Day I Accidentally Went to War,https://ci.ovationtix.com/35583/production/1218896,https://web.ovationtix.com/trs/api/rest/ClientFile(577065),upcoming,N/A,9 August 2025 - 8:00 pm,N/A,N/A,N/A
Bill Posley's The Day I Accidentally Went to War,https://ci.ovationtix.com/35583/production/1218896,https://web.ovationtix.com/trs/api/rest/ClientFile(577065),upcoming,N/A,13 August 2025 - 7:00 pm,N/A,N/A,N/A
Bill Posley's The Day I Accidentally Went to War,https://ci.ovationtix.com/35583/production/1218896,https://web.ovationtix.com/trs/api/rest/ClientFile(577065),upcoming,N/A,14 August 2025 - 7:00 pm,N/A,N/A,N/A
Bill Posley's The Day I Accidentally Went to War,https://ci.ovationtix.com/35583/production/1218896,https://web.ovationtix.com/trs/api/rest/ClientFile(577065),upcoming,N/A,15 August 2025 - 7:00 pm,N/A,N/A,N/A
Bill Posley's The Day I Accidentally Went to War,https://ci.ovationtix.com/35583/production/1218896,https://web.ovationtix.com/trs/api/rest/ClientFile(577065),upcoming,N/A,16 August 2025 - 8:00 pm,N/A,N/A,N/A
Bill Posley's The Day I Accidentally Went to War,https://ci.ovationtix.com/35583/production/1218896,https://web.ovationtix.com/trs/api/rest/ClientFile(577065),upcoming,N/A,17 August 2025 - 5:00 pm,N/A,N/A,N/A
Bill Posley's The Day I Accidentally Went to War,https://ci.ovationtix.com/35583/production/1218896,https://web.ovationtix.com/trs/api/rest/ClientFile(577065),upcoming,N/A,20 August 2025 - 7:00 pm,N/A,N/A,N/A
Bill Posley's The Day I Accidentally Went to War,https://ci.ovationtix.com/35583/production/1218896,https://web.ovationtix.com/trs/api/rest/ClientFile(577065),upcoming,N/A,21 August 2025 - 7:00 pm,N/A,N/A,N/A
Bill Posley's The Day I Accidentally Went to War,https://ci.ovationtix.com/35583/production/1218896,https://web.ovationtix.com/trs/api/rest/ClientFile(577065),upcoming,N/A,22 August 2025 - 7:00 pm,N/A,N/A,N/A
Bill Posley's The Day I Accidentally Went to War,https://ci.ovationtix.com/35583/production/1218896,https://web.ovationtix.com/trs/api/rest/ClientFile(577065),upcoming,N/A,23 August 2025 - 5:00 pm,N/A,N/A,N/A
Bill Posley's The Day I Accidentally Went to War,https://ci.ovationtix.com/35583/production/1218896,https://web.ovationtix.com/trs/api/rest/ClientFile(577065),upcoming,N/A,23 August 2025 - 8:00 pm,N/A,N/A,N/A
Bill Posley's The Day I Accidentally Went to War,https://ci.ovationtix.com/35583/production/1218896,https://web.ovationtix.com/trs/api/rest/ClientFile(577065),upcoming,N/A,24 August 2025 - 5:00 pm,N/A,N/A,N/A
Bill Posley's The Day I Accidentally Went to War,https://ci.ovationtix.com/35583/production/1218896,https://web.ovationtix.com/trs/api/rest/ClientFile(577065),upcoming,N/A,27 August 2025 - 7:00 pm,N/A,N/A,N/A
Bill Posley's The Day I Accidentally Went to War,https://ci.ovationtix.com/35583/production/1218896,https://web.ovationtix.com/trs/api/rest/ClientFile(577065),upcoming,N/A,28 August 2025 - 7:00 pm,N/A,N/A,N/A
Bill Posley's The Day I Accidentally Went to War,https://ci.ovationtix.com/35583/production/1218896,https://web.ovationtix.com/trs/api/rest/ClientFile(577065),upcoming,N/A,29 August 2025 - 7:00 pm,N/A,N/A,N/A
Bill Posley's The Day I Accidentally Went to War,https://ci.ovationtix.com/35583/production/1218896,https://web.ovationtix.com/trs/api/rest/ClientFile(577065),upcoming,N/A,30 August 2025 - 5:00 pm,N/A,N/A,N/A
Bill Posley's The Day I Accidentally Went to War,https://ci.ovationtix.com/35583/production/1218896,https://web.ovationtix.com/trs/api/rest/ClientFile(577065),upcoming,N/A,30 August 2025 - 8:00 pm,N/A,N/A,N/A
Good Showbiz,https://ci.ovationtix.com/35583/production/1244633,https://web.ovationtix.com/trs/api/rest/ClientFile(580335),upcoming,N/A,12 August 2025 - 9:00 pm,N/A,N/A,N/A
Good Showbiz,https://ci.ovationtix.com/35583/production/1244633,https://web.ovationtix.com/trs/api/rest/ClientFile(580335),upcoming,N/A,13 August 2025 - 9:00 pm,N/A,N/A,N/A
Good Showbiz,https://ci.ovationtix.com/35583/production/1244633,https://web.ovationtix.com/trs/api/rest/ClientFile(580335),upcoming,N/A,19 August 2025 - 9:00 pm,N/A,N/A,N/A
Good Showbiz,https://ci.ovationtix.com/35583/production/1244633,https://web.ovationtix.com/trs/api/rest/ClientFile(580335),upcoming,N/A,20 August 2025 - 9:00 pm,N/A,N/A,N/A
Kyle Ayers: Hard to Say,https://ci.ovationtix.com/35583/production/1242797,https://web.ovationtix.com/trs/api/rest/ClientFile(575376),upcoming,N/A,4 September 2025 - 7:00 pm,N/A,N/A,N/A
Kyle Ayers: Hard to Say,https://ci.ovationtix.com/35583/production/1242797,https://web.ovationtix.com/trs/api/rest/ClientFile(575376),upcoming,N/A,5 September 2025 - 7:00 pm,N/A,N/A,N/A
Kyle Ayers: Hard to Say,https://ci.ovationtix.com/35583/production/1242797,https://web.ovationtix.com/trs/api/rest/ClientFile(575376),upcoming,N/A,6 September 2025 - 7:00 pm,N/A,N/A,N/A
Kyle Ayers: Hard to Say,https://ci.ovationtix.com/35583/production/1242797,https://web.ovationtix.com/trs/api/rest/ClientFile(575376),upcoming,N/A,7 September 2025 - 5:00 pm,N/A,N/A,N/A
Kyle Ayers: Hard to Say,https://ci.ovationtix.com/35583/production/1242797,https://web.ovationtix.com/trs/api/rest/ClientFile(575376),upcoming,N/A,8 September 2025 - 7:00 pm,N/A,N/A,N/A
Kyle Ayers: Hard to Say,https://ci.ovationtix.com/35583/production/1242797,https://web.ovationtix.com/trs/api/rest/ClientFile(575376),upcoming,N/A,9 September 2025 - 7:00 pm,N/A,N/A,N/A
Kyle Ayers: Hard to Say,https://ci.ovationtix.com/35583/production/1242797,https://web.ovationtix.com/trs/api/rest/ClientFile(575376),upcoming,N/A,10 September 2025 - 7:00 pm,N/A,N/A,N/A
Kyle Ayers: Hard to Say,https://ci.ovationtix.com/35583/production/1242797,https://web.ovationtix.com/trs/api/rest/ClientFile(575376),upcoming,N/A,11 September 2025 - 7:00 pm,N/A,N/A,N/A
Kyle Ayers: Hard to Say,https://ci.ovationtix.com/35583/production/1242797,https://web.ovationtix.com/trs/api/rest/ClientFile(575376),upcoming,N/A,12 September 2025 - 7:00 pm,N/A,N/A,N/A
Kyle Ayers: Hard to Say,https://ci.ovationtix.com/35583/production/1242797,https://web.ovationtix.com/trs/api/rest/ClientFile(575376),upcoming,N/A,13 September 2025 - 7:00 pm,N/A,N/A,N/A
Kyle Ayers: Hard to Say,https://ci.ovationtix.com/35583/production/1242797,https://web.ovationtix.com/trs/api/rest/ClientFile(575376),upcoming,N/A,14 September 2025 - 5:00 pm,N/A,N/A,N/A
Lou Wall - Breaking The Fifth Wall,https://ci.ovationtix.com/35583/production/1246459,https://web.ovationtix.com/trs/api/rest/ClientFile(579885),upcoming,N/A,17 September 2025 - 9:00 pm,N/A,N/A,N/A
Lou Wall - Breaking The Fifth Wall,https://ci.ovationtix.com/35583/production/1246459,https://web.ovationtix.com/trs/api/rest/ClientFile(579885),upcoming,N/A,18 September 2025 - 9:00 pm,N/A,N/A,N/A
Lou Wall - Breaking The Fifth Wall,https://ci.ovationtix.com/35583/production/1246459,https://web.ovationtix.com/trs/api/rest/ClientFile(579885),upcoming,N/A,19 September 2025 - 9:00 pm,N/A,N/A,N/A
Lou Wall - Breaking The Fifth Wall,https://ci.ovationtix.com/35583/production/1246459,https://web.ovationtix.com/trs/api/rest/ClientFile(579885),upcoming,N/A,20 September 2025 - 9:00 pm,N/A,N/A,N/A
Lou Wall - Breaking The Fifth Wall,https://ci.ovationtix.com/35583/production/1246459,https://web.ovationtix.com/trs/api/rest/ClientFile(579885),upcoming,N/A,21 September 2025 - 7:00 pm,N/A,N/A,N/A
Lou Wall - Breaking The Fifth Wall,https://ci.ovationtix.com/35583/production/1246459,https://web.ovationtix.com/trs/api/rest/ClientFile(579885),upcoming,N/A,24 September 2025 - 9:00 pm,N/A,N/A,N/A
Lou Wall - Breaking The Fifth Wall,https://ci.ovationtix.com/35583/production/1246459,https://web.ovationtix.com/trs/api/rest/ClientFile(579885),upcoming,N/A,25 September 2025 - 9:00 pm,N/A,N/A,N/A
Lou Wall - Breaking The Fifth Wall,https://ci.ovationtix.com/35583/production/1246459,https://web.ovationtix.com/trs/api/rest/ClientFile(579885),upcoming,N/A,26 September 2025 - 9:00 pm,N/A,N/A,N/A
Lou Wall - Breaking The Fifth Wall,https://ci.ovationtix.com/35583/production/1246459,https://web.ovationtix.com/trs/api/rest/ClientFile(579885),upcoming,N/A,27 September 2025 - 9:00 pm,N/A,N/A,N/A
Lou Wall - Breaking The Fifth Wall,https://ci.ovationtix.com/35583/production/1246459,https://web.ovationtix.com/trs/api/rest/ClientFile(579885),upcoming,N/A,28 September 2025 - 7:00 pm,N/A,N/A,N/A
Lou Wall - Breaking The Fifth Wall,https://ci.ovationtix.com/35583/production/1246459,https://web.ovationtix.com/trs/api/rest/ClientFile(579885),upcoming,N/A,1 October 2025 - 9:00 pm,N/A,N/A,N/A
Lou Wall - Breaking The Fifth Wall,https://ci.ovationtix.com/35583/production/1246459,https://web.ovationtix.com/trs/api/rest/ClientFile(579885),upcoming,N/A,2 October 2025 - 9:00 pm,N/A,N/A,N/A
Lou Wall - Breaking The Fifth Wall,https://ci.ovationtix.com/35583/production/1246459,https://web.ovationtix.com/trs/api/rest/ClientFile(579885),upcoming,N/A,3 October 2025 - 9:00 pm,N/A,N/A,N/A
Lou Wall - Breaking The Fifth Wall,https://ci.ovationtix.com/35583/production/1246459,https://web.ovationtix.com/trs/api/rest/ClientFile(579885),upcoming,N/A,4 October 2025 - 9:00 pm,N/A,N/A,N/A
Lou Wall - Breaking The Fifth Wall,https://ci.ovationtix.com/35583/production/1246459,https://web.ovationtix.com/trs/api/rest/ClientFile(579885),upcoming,N/A,5 October 2025 - 7:00 pm,N/A,N/A,N/A
(un)conditional,https://ci.ovationtix.com/35583/production/1246302,https://web.ovationtix.com/trs/api/rest/ClientFile(579639),upcoming,N/A,18 September 2025 - 7:00 pm,N/A,N/A,N/A
(un)conditional,https://ci.ovationtix.com/35583/production/1246302,https://web.ovationtix.com/trs/api/rest/ClientFile(579639),upcoming,N/A,19 September 2025 - 7:00 pm,N/A,N/A,N/A
(un)conditional,https://ci.ovationtix.com/35583/production/1246302,https://web.ovationtix.com/trs/api/rest/ClientFile(579639),upcoming,N/A,20 September 2025 - 7:00 pm,N/A,N/A,N/A
(un)conditional,https://ci.ovationtix.com/35583/production/1246302,https://web.ovationtix.com/trs/api/rest/ClientFile(579639),upcoming,N/A,21 September 2025 - 5:00 pm,N/A,N/A,N/A
(un)conditional,https://ci.ovationtix.com/35583/production/1246302,https://web.ovationtix.com/trs/api/rest/ClientFile(579639),upcoming,N/A,22 September 2025 - 7:00 pm,N/A,N/A,N/A
(un)conditional,https://ci.ovationtix.com/35583/production/1246302,https://web.ovationtix.com/trs/api/rest/ClientFile(579639),upcoming,N/A,24 September 2025 - 7:00 pm,N/A,N/A,N/A
(un)conditional,https://ci.ovationtix.com/35583/production/1246302,https://web.ovationtix.com/trs/api/rest/ClientFile(579639),upcoming,N/A,25 September 2025 - 7:00 pm,N/A,N/A,N/A
(un)conditional,https://ci.ovationtix.com/35583/production/1246302,https://web.ovationtix.com/trs/api/rest/ClientFile(579639),upcoming,N/A,26 September 2025 - 7:00 pm,N/A,N/A,N/A
(un)conditional,https://ci.ovationtix.com/35583/production/1246302,https://web.ovationtix.com/trs/api/rest/ClientFile(579639),upcoming,N/A,27 September 2025 - 7:00 pm,N/A,N/A,N/A
(un)conditional,https://ci.ovationtix.com/35583/production/1246302,https://web.ovationtix.com/trs/api/rest/ClientFile(579639),upcoming,N/A,28 September 2025 - 5:00 pm,N/A,N/A,N/A
(un)conditional,https://ci.ovationtix.com/35583/production/1246302,https://web.ovationtix.com/trs/api/rest/ClientFile(579639),upcoming,N/A,29 September 2025 - 7:00 pm,N/A,N/A,N/A
(un)conditional,https://ci.ovationtix.com/35583/production/1246302,https://web.ovationtix.com/trs/api/rest/ClientFile(579639),upcoming,N/A,1 October 2025 - 7:00 pm,N/A,N/A,N/A
(un)conditional,https://ci.ovationtix.com/35583/production/1246302,https://web.ovationtix.com/trs/api/rest/ClientFile(579639),upcoming,N/A,2 October 2025 - 7:00 pm,N/A,N/A,N/A
(un)conditional,https://ci.ovationtix.com/35583/production/1246302,https://web.ovationtix.com/trs/api/rest/ClientFile(579639),upcoming,N/A,3 October 2025 - 7:00 pm,N/A,N/A,N/A
(un)conditional,https://ci.ovationtix.com/35583/production/1246302,https://web.ovationtix.com/trs/api/rest/ClientFile(579639),upcoming,N/A,4 October 2025 - 7:00 pm,N/A,N/A,N/A
(un)conditional,https://ci.ovationtix.com/35583/production/1246302,https://web.ovationtix.com/trs/api/rest/ClientFile(579639),upcoming,N/A,5 October 2025 - 5:00 pm,N/A,N/A,N/A
(un)conditional,https://ci.ovationtix.com/35583/production/1246302,https://web.ovationtix.com/trs/api/rest/ClientFile(579639),upcoming,N/A,6 October 2025 - 7:00 pm,N/A,N/A,N/A
(un)conditional,https://ci.ovationtix.com/35583/production/1246302,https://web.ovationtix.com/trs/api/rest/ClientFile(579639),upcoming,N/A,8 October 2025 - 7:00 pm,N/A,N/A,N/A
(un)conditional,https://ci.ovationtix.com/35583/production/1246302,https://web.ovationtix.com/trs/api/rest/ClientFile(579639),upcoming,N/A,9 October 2025 - 7:00 pm,N/A,N/A,N/A
(un)conditional,https://ci.ovationtix.com/35583/production/1246302,https://web.ovationtix.com/trs/api/rest/ClientFile(579639),upcoming,N/A,10 October 2025 - 7:00 pm,N/A,N/A,N/A
(un)conditional,https://ci.ovationtix.com/35583/production/1246302,https://web.ovationtix.com/trs/api/rest/ClientFile(579639),upcoming,N/A,11 October 2025 - 7:00 pm,N/A,N/A,N/A
(un)conditional,https://ci.ovationtix.com/35583/production/1246302,https://web.ovationtix.com/trs/api/rest/ClientFile(579639),upcoming,N/A,12 October 2025 - 5:00 pm,N/A,N/A,N/A
(un)conditional,https://ci.ovationtix.com/35583/production/1246302,https://web.ovationtix.com/trs/api/rest/ClientFile(579639),upcoming,N/A,13 October 2025 - 7:00 pm,N/A,N/A,N/A
(un)conditional,https://ci.ovationtix.com/35583/production/1246302,https://web.ovationtix.com/trs/api/rest/ClientFile(579639),upcoming,N/A,15 October 2025 - 7:00 pm,N/A,N/A,N/A
(un)conditional,https://ci.ovationtix.com/35583/production/1246302,https://web.ovationtix.com/trs/api/rest/ClientFile(579639),upcoming,N/A,16 October 2025 - 7:00 pm,N/A,N/A,N/A
(un)conditional,https://ci.ovationtix.com/35583/production/1246302,https://web.ovationtix.com/trs/api/rest/ClientFile(579639),upcoming,N/A,17 October 2025 - 7:00 pm,N/A,N/A,N/A
(un)conditional,https://ci.ovationtix.com/35583/production/1246302,https://web.ovationtix.com/trs/api/rest/ClientFile(579639),upcoming,N/A,18 October 2025 - 7:00 pm,N/A,N/A,N/A
(un)conditional,https://ci.ovationtix.com/35583/production/1246302,https://web.ovationtix.com/trs/api/rest/ClientFile(579639),upcoming,N/A,19 October 2025 - 5:00 pm,N/A,N/A,N/A
(un)conditional,https://ci.ovationtix.com/35583/production/1246302,https://web.ovationtix.com/trs/api/rest/ClientFile(579639),upcoming,N/A,20 October 2025 - 7:00 pm,N/A,N/A,N/A
(un)conditional,https://ci.ovationtix.com/35583/production/1246302,https://web.ovationtix.com/trs/api/rest/ClientFile(579639),upcoming,N/A,22 October 2025 - 7:00 pm,N/A,N/A,N/A
(un)conditional,https://ci.ovationtix.com/35583/production/1246302,https://web.ovationtix.com/trs/api/rest/ClientFile(579639),upcoming,N/A,23 October 2025 - 7:00 pm,N/A,N/A,N/A
(un)conditional,https://ci.ovationtix.com/35583/production/1246302,https://web.ovationtix.com/trs/api/rest/ClientFile(579639),upcoming,N/A,24 October 2025 - 7:00 pm,N/A,N/A,N/A
(un)conditional,https://ci.ovationtix.com/35583/production/1246302,https://web.ovationtix.com/trs/api/rest/ClientFile(579639),upcoming,N/A,25 October 2025 - 7:00 pm,N/A,N/A,N/A
(un)conditional,https://ci.ovationtix.com/35583/production/1246302,https://web.ovationtix.com/trs/api/rest/ClientFile(579639),upcoming,N/A,26 October 2025 - 5:00 pm,N/A,N/A,N/A
Daniel Sloss: Work In Progress,https://ci.ovationtix.com/35583/production/1236104,https://web.ovationtix.com/trs/api/rest/ClientFile(568760),upcoming,N/A,28 October 2025 - 7:30 pm,N/A,N/A,N/A
Daniel Sloss: Work In Progress,https://ci.ovationtix.com/35583/production/1236104,https://web.ovationtix.com/trs/api/rest/ClientFile(568760),upcoming,N/A,29 October 2025 - 7:30 pm,N/A,N/A,N/A
Daniel Sloss: Work In Progress,https://ci.ovationtix.com/35583/production/1236104,https://web.ovationtix.com/trs/api/rest/ClientFile(568760),upcoming,N/A,30 October 2025 - 7:30 pm,N/A,N/A,N/A
Daniel Sloss: Work In Progress,https://ci.ovationtix.com/35583/production/1236104,https://web.ovationtix.com/trs/api/rest/ClientFile(568760),upcoming,N/A,30 October 2025 - 9:00 pm,N/A,N/A,N/A
Daniel Sloss: Work In Progress,https://ci.ovationtix.com/35583/production/1236104,https://web.ovationtix.com/trs/api/rest/ClientFile(568760),upcoming,N/A,1 November 2025 - 5:30 pm,N/A,N/A,N/A
Daniel Sloss: Work In Progress,https://ci.ovationtix.com/35583/production/1236104,https://web.ovationtix.com/trs/api/rest/ClientFile(568760),upcoming,N/A,1 November 2025 - 7:30 pm,N/A,N/A,N/A
Daniel Sloss: Work In Progress,https://ci.ovationtix.com/35583/production/1236104,https://web.ovationtix.com/trs/api/rest/ClientFile(568760),upcoming,N/A,2 November 2025 - 5:30 pm,N/A,N/A,N/A
Daniel Sloss: Work In Progress,https://ci.ovationtix.com/35583/production/1236104,https://web.ovationtix.com/trs/api/rest/ClientFile(568760),upcoming,N/A,2 November 2025 - 7:30 pm,N/A,N/A,N/A
Daniel Sloss: Work In Progress,https://ci.ovationtix.com/35583/production/1236104,https://web.ovationtix.com/trs/api/rest/ClientFile(568760),upcoming,N/A,4 November 2025 - 7:30 pm,N/A,N/A,N/A
Daniel Sloss: Work In Progress,https://ci.ovationtix.com/35583/production/1236104,https://web.ovationtix.com/trs/api/rest/ClientFile(568760),upcoming,N/A,5 November 2025 - 7:30 pm,N/A,N/A,N/A
Daniel Sloss: Work In Progress,https://ci.ovationtix.com/35583/production/1236104,https://web.ovationtix.com/trs/api/rest/ClientFile(568760),upcoming,N/A,6 November 2025 - 7:30 pm,N/A,N/A,N/A
Daniel Sloss: Work In Progress,https://ci.ovationtix.com/35583/production/1236104,https://web.ovationtix.com/trs/api/rest/ClientFile(568760),upcoming,N/A,6 November 2025 - 9:00 pm,N/A,N/A,N/A
Daniel Sloss: Work In Progress,https://ci.ovationtix.com/35583/production/1236104,https://web.ovationtix.com/trs/api/rest/ClientFile(568760),upcoming,N/A,7 November 2025 - 7:30 pm,N/A,N/A,N/A
Connor Burns: GALLUS,https://ci.ovationtix.com/35583/production/1238279,https://web.ovationtix.com/trs/api/rest/ClientFile(571345),upcoming,N/A,5 November 2025 - 9:00 pm,N/A,N/A,N/A
Connor Burns: GALLUS,https://ci.ovationtix.com/35583/production/1238279,https://web.ovationtix.com/trs/api/rest/ClientFile(571345),upcoming,N/A,6 November 2025 - 9:00 pm,N/A,N/A,N/A
Connor Burns: GALLUS,https://ci.ovationtix.com/35583/production/1238279,https://web.ovationtix.com/trs/api/rest/ClientFile(571345),upcoming,N/A,7 November 2025 - 9:00 pm,N/A,N/A,N/A
Connor Burns: GALLUS,https://ci.ovationtix.com/35583/production/1238279,https://web.ovationtix.com/trs/api/rest/ClientFile(571345),upcoming,N/A,8 November 2025 - 9:00 pm,N/A,N/A,N/A
Connor Burns: GALLUS,https://ci.ovationtix.com/35583/production/1238279,https://web.ovationtix.com/trs/api/rest/ClientFile(571345),upcoming,N/A,9 November 2025 - 5:30 pm,N/A,N/A,N/A
Caitlin,https://ci.ovationtix.com/35583/production/1246457,https://web.ovationtix.com/trs/api/rest/ClientFile(579878),upcoming,N/A,12 November 2025 - 7:00 pm,N/A,N/A,N/A
Caitlin,https://ci.ovationtix.com/35583/production/1246457,https://web.ovationtix.com/trs/api/rest/ClientFile(579878),upcoming,N/A,13 November 2025 - 7:00 pm,N/A,N/A,N/A
Caitlin,https://ci.ovationtix.com/35583/production/1246457,https://web.ovationtix.com/trs/api/rest/ClientFile(579878),upcoming,N/A,14 November 2025 - 7:00 pm,N/A,N/A,N/A
Caitlin,https://ci.ovationtix.com/35583/production/1246457,https://web.ovationtix.com/trs/api/rest/ClientFile(579878),upcoming,N/A,15 November 2025 - 7:00 pm,N/A,N/A,N/A
Miles Jupp: On I Bang (a story about brain surgery),https://ci.ovationtix.com/35583/production/1242783,https://web.ovationtix.com/trs/api/rest/ClientFile(575358),upcoming,N/A,18 November 2025 - 7:00 pm,N/A,N/A,N/A
Miles Jupp: On I Bang (a story about brain surgery),https://ci.ovationtix.com/35583/production/1242783,https://web.ovationtix.com/trs/api/rest/ClientFile(575358),upcoming,N/A,19 November 2025 - 7:00 pm,N/A,N/A,N/A
Miles Jupp: On I Bang (a story about brain surgery),https://ci.ovationtix.com/35583/production/1242783,https://web.ovationtix.com/trs/api/rest/ClientFile(575358),upcoming,N/A,20 November 2025 - 7:00 pm,N/A,N/A,N/A
Miles Jupp: On I Bang (a story about brain surgery),https://ci.ovationtix.com/35583/production/1242783,https://web.ovationtix.com/trs/api/rest/ClientFile(575358),upcoming,N/A,21 November 2025 - 7:00 pm,N/A,N/A,N/A
Miles Jupp: On I Bang (a story about brain surgery),https://ci.ovationtix.com/35583/production/1242783,https://web.ovationtix.com/trs/api/rest/ClientFile(575358),upcoming,N/A,22 November 2025 - 7:00 pm,N/A,N/A,N/A
Miles Jupp: On I Bang (a story about brain surgery),https://ci.ovationtix.com/35583/production/1242783,https://web.ovationtix.com/trs/api/rest/ClientFile(575358),upcoming,N/A,23 November 2025 - 5:00 pm,N/A,N/A,N/A
